2018-04-03 20:57:29.595401,5ac0a85058777f106d30f8bc,0efd2abee5c74d95a0aba8abbacb17e9,getting_ready,0,0,0,5.296483812044008e-11,0.0,0.0,0.006528446214404786,2.7388204064817856,2.815579554307129e-09,0.0027054335917224416,0.0,0.0,0.0,2.3243254348768117e-09,0.0,1.9698547553942202e-13,0.0,0.0,0.0,0.0,0.0,0.0,0.0,0.0,0.0,0.0,0.0,0.0,5.244060517715312e-12,0.0,3.167284547779218e-11,0.0,0.0,0.0,0.0,0.0,0.0,0.0,0.0,0.0,2.962485355451817e-12,3.1566634550967874e-13,0.0,0.0,0.0,0.0,2.2176868158837305e-07,0.0,0.0,0.0,0.0,1.0691330150028737e-12,0.0,0.0,0.0,0.0,0.0,16.20054145496417,0.0,0.0,0.0,0.0,8.621711713150853e-14,0.0,2.156428493813641e-05,0.105841403204379,0.0,2.8029541636350283e-09,1.599234978769018,2.9044600480158303e-11,1.8414292760919278e-11,1.7980253972494597e-11,0.0,6.954076426374486e-08,2.6031052050176458,0.0,6.531582938188019e-08,0.0005100878485304922,3.021370402314446,1.6857837085273647e-09,44.97532714112441,4.755008458520633e-06,0.0,0.0,0.0,28.745782986102014,0.0,0.0,0.0,0.0,0.0,0.0,0.0,0.0,0.0,0.0,0.0,0.0,0.0,0.0,0.0,0.0,0.0,2.7723643386210433e-05,0.0,7.816400555788124e-12,4.283238140433527e-14,0.0,0.0,0.0,1.250022025003815e-12,0.0,0.0,0.0,7.948586316535794e-07,0.0,0.0001768368925367971,0.0,0.0,1.0726296179553036e-08,2.5302527575654167e-09,started
2018-04-03 20:57:32.595401,5ac0a85058777f106d30f8bc,0efd2abee5c74d95a0aba8abbacb17e9,getting_ready,0.0,0.0,0.0,0.0,0.0,0.0,0.0,0.0,0.1947282619737354,0.013933711979318942,0.12572888721628428,0.0,0.0,0.0,0.0,0.0,0.0,0.0,0.0,0.0,1.8612453055775697e-06,1.8214158128307104e-13,0.0,0.0,0.0,0.0,1.1428812254271552e-14,0.0,0.00018925436968992722,0.0,0.0,0.2512449582628781,3.340178102577044e-10,0.0,0.0,0.0,0.0,0.0,0.0,0.0,0.0,0.0,0.0,0.0,1.1151056596738482,2.8508224462094033e-09,0.0,0.0,0.0,3.507392074923573,6.778141020579441e-14,0.0,0.0,5.566206186167417e-15,0.0,1.6131350372170795e-07,0.0,0.0,1.2846472653037162,0.0,0.0,0.0,0.0,0.0,0.0,0.0,0.0,0.0,0.0,0.0,0.0,0.0,0.008626787285801841,0.0,0.0,2.9189236834174167e-13,0.0,0.0,0.0,34.64362454428465,0.0,0.0,0.0,0.0,0.0,0.0,58.78058991551742,0.0,0.0,0.0,0.0,0.0,5.0520260528045374e-06,3.5396913628540933e-09,0.0,0.0023875563086733762,3.6878589211288126e-11,0.0,0.0,3.752126863418133e-07,0.0,0.0,0.0,0.0,1.3421771008122405e-13,7.27477932483883e-10,4.726106912715991e-05,0.0,0.008298566658120548,0.0,0.0,0.0,0.0,0.0,0.0,0.0,0.0,0.00018878918556947545,0.0,0.06325904870043002,0.0,
2018-04-03 20:57:35.595401,5ac0a85058777f106d30f8bc,0efd2abee5c74d95a0aba8abbacb17e9,getting_ready,0.0,0.0,0.0,9.268732122373795e-12,0.0,0.0,0.7216457624700141,0.0,0.0,0.0,0.0,0.0,0.0,0.0,0.0,0.37845953801665977,1.7119826210317164e-08,0.0,0.0,0.0,0.0,0.0,0.0,0.17650248252593828,0.0,0.0,0.0,0.0,5.3169589635868545e-05,6.161183930426771e-13,1.8991358499485993e-07,0.0,0.0,1.3033831205952735e-14,0.0002195978579935884,4.008623722674769e-07,0.011745725995563512,0.0,0.0,0.0,0.43539502075725817,0.0,0.0,0.0,0.0,0.0,0.0,2.5291310466684604e-13,0.0,0.0004211847409357301,0.0,0.0,0.0,0.0,0.0,0.0,0.0,1.546857106516313e-14,5.373470724008525,0.0,5.6355060349753616e-11,0.0,0.0,8.334240311769554e-13,2.6839472107367463e-05,0.006301990277972612,0.0,0.828284722311759,4.7965922356956534e-11,1.888188323538569e-11,9.823334833995268e-11,0.0,0.0,0.0,0.0,3.567846289668229e-14,0.0,2.0565162151338168e-09,0.0,40.122942032889696,0.0,0.0,49.78473257441067,3.258806274868122e-07,0.0019146188277496723,0.0,0.0,0.0,7.792845070509437e-05,0.0,0.0,1.502543716394316,0.1805313458158584,0.09907851565405594,0.0,0.00017318272207825588,0.0,0.0,0.28852667205267735,0.0,0.0,0.0,0.0,0.0,7.359599585648083e-12,0.0,1.0048857400380945e-05,2.1608678704888708e-13,0.0,0.0,0.0,0.0774126848223191,2.5439001556958783e-13,0.0,0.0,0.0,0.0,0.009528985004834619,0.0,0.0,0.0,instructions are given
2018-04-03 20:57:38.595401,5ac0a85058777f106d30f8bc,0efd2abee5c74d95a0aba8abbacb17e9,getting_ready,0.0,0.0,0.0,0.0,0.0,0.019735182249084104,1.3880124548876998,0.0,0.0,0.0,0.0,0.0,1.3582111170266288e-08,8.570207348143643e-10,0.0,2.6432053182278007e-14,0.0,0.0003416660858525985,0.0,0.0,0.0,2.833516698810426e-10,0.0,0.0,0.0,0.0,3.3129274888468977e-09,0.0,2.893016678950948e-12,2.137327287938085e-14,0.0,0.0,0.0,0.0,0.0,0.0,0.0,3.430749569846827,0.028647317780295608,0.0,0.0,0.0,0.0,0.0011136241076799636,0.0,0.0,1.145737611407071e-12,0.14142603197671946,9.592779633903323e-15,0.0,0.0,0.0,2.462957456781351e-07,0.010679737587209014,0.17313195119586408,0.0,0.0,0.0,0.0,0.0,0.0,1.1839316508953399e-14,0.0,3.652085505646978e-15,0.00013980306186456352,0.0,0.0,1.1261356475805604e-14,0.0,0.0022370288193005513,7.226921578129529e-14,0.0,0.0,0.0,0.0,18.548860257549304,0.0,0.06431368323461567,0.0,0.001424421467407721,2.1098238974613335e-09,4.818950488243403e-07,8.795808822874147e-07,1.180482167417202e-07,0.0,0.0,1.2159614759704956e-06,0.0,0.0,0.0,1.630671793318052e-11,0.0,0.0,0.0,6.933301386242875e-05,0.0,0.0,0.0,0.0,0.00025260497232087634,0.0,0.0,0.02043583304799658,0.0,0.0,0.0,3.4195840274725404e-14,0.0,12.93475174763381,0.0,0.0,0.0,2.9943736855271917e-15,0.0,0.0,0.0,0.0,0.0,7.508936437598597e-05,63.233599700170764,0.0,
2018-04-03 20:57:41.595401,5ac0a85058777f106d30f8bc,0efd2abee5c74d95a0aba8abbacb17e9,getting_ready,0.0,0.0,0.0,0.0,1.5836633112905605e-10,0.0,0.0,2.286692131784427e-12,0.0,4.2285532526720645e-13,0.0,0.0,0.0,0.0,0.0,2.3094818923566494e-05,0.0,10.105480323531054,0.0,0.0,0.0,84.70722090814644,0.0,0.0,0.0,4.279640479493622e-07,1.2668759028147385e-11,0.0,0.0,0.0,0.0,0.020863266966049714,0.0,0.0,2.315235124767012e-06,0.0208813768943306,0.0,0.0,0.0,0.0,4.757002954756053,0.0,0.0,0.0,0.0,0.0,0.0,6.053532372185453e-07,0.0016794290996074018,0.0,1.5099577134850323e-10,0.0,0.0,0.0,0.0,0.0,0.0,8.480635265590213e-05,0.0,0.0,0.019650714719872394,0.0,0.0,3.796358861234917e-06,0.03345665782484476,0.0,7.158866939813791e-08,0.0,0.013591983875720628,6.792649523417334e-09,0.0,0.04060802748125426,0.0,1.227409349436144e-11,0.0,0.0,0.0,0.0,0.0,0.0,2.1793662530184907e-11,0.0,0.2765177627986746,0.0,0.0,0.0,0.0,5.044312709873997e-10,2.6064312022506654e-14,0.0,0.0,4.884293910293527e-10,0.0,0.0,0.0,0.0,0.0,0.0,1.1790823301099986e-10,8.149613431908794e-06,0.0,0.00012833839498687194,0.0,2.0676870161825508e-10,0.0,5.3459034922190145e-11,5.006269275856464e-14,0.0,0.0,1.2008852106901727e-12,0.0,0.0,0.0,0.0,0.0,0.0,1.2363093893954423e-05,0.0001615194113736751,0.0026210971473825694,4.9741915071379265e-11,0.0,systems checked
2018-04-03 20:57:44.595401,5ac0a85058777f106d30f8bc,0efd2abee5c74d95a0aba8abbacb17e9,getting_ready,0.0,0.0,0.0,0.0,0.007552087419048566,0.0,0.001014863839984849,2.5623206775114526e-08,0.0,0.7069794075480926,0.0,0.0,0.0,0.0,0.0,0.0,0.0,0.0,0.0,0.0,0.0,0.0,0.0037486473012490963,0.0,0.0,0.0,5.66760994907664e-13,0.0,3.0329533314121387e-07,0.0,4.2307963629210324e-10,0.0,0.0008720205379296117,0.0,0.0,0.0,0.0,0.0,0.0,0.0,8.639416002339783e-08,0.0023731581276956546,0.0,0.0,9.892052413294727e-13,0.0,0.0,0.0,0.0,0.0,0.0,0.0,0.0,0.0,1.6704209255789322,0.0,0.0,0.0,0.0,0.0,0.0,9.286621859661745e-08,2.11852936025307e-07,0.0,0.0,0.0,0.0,0.0,0.0,0.0005782718291502232,48.46652512559952,0.0,0.0,5.935671430367576e-12,0.0,0.11836611591719703,3.279458776322071e-14,0.0,0.0,0.0,5.0530902707431274e-11,0.0,3.969839980866531e-11,0.0,0.0,0.0,0.0,0.0,8.492598812759517e-15,0.0,0.0,1.820979564996749e-14,0.0,4.112130454362258e-05,0.0,0.0,0.0,0.0,0.0,0.0,5.424068133198222e-06,0.0,40.12271753029581,0.0,0.0,0.15182075848293408,0.0,0.0,0.0,0.0,1.2509526991592727e-11,0.0,8.746983821548227,0.0,0.0,0.0,3.621636492246267e-11,0.0,8.595178829452298e-14,0.0,0.0,testing finished
2018-04-03 20:57:47.595401,5ac0a85058777f106d30f8bc,0efd2abee5c74d95a0aba8abbacb17e9,getting_ready,0.0,0.0,0.0,21.948109942829145,0.0,0.0,1.533171394404024e-05,0.0,1.0428577978039208e-06,0.0,0.0,0.0,0.0,2.6230723324856878e-06,1.2265334266330321e-08,0.0,0.0,0.0,5.081149773234435e-10,63.917817303949384,0.0,0.0,0.0,3.768117820911269e-09,0.0,0.002653231613000041,0.0,0.0,0.0,0.0,0.0,0.0,7.815995733770822e-08,0.0,0.0003347994023607827,0.0,0.0,0.0,0.0,0.0,7.337924153181079e-06,0.0,0.3040764214587688,0.0,0.0,0.0,0.0,0.0,0.0,1.5385323965716677,0.0,0.0,0.0,0.0,5.442181009940402e-14,8.87398605324223e-09,0.0,4.2484211273412346e-13,4.8495839859685626e-14,2.055570549301492,0.0,0.0,0.0,0.0,1.870257754082851e-10,0.0,0.0,1.4734845722968094e-07,0.0,3.825179355541444e-09,3.4193706589651994e-07,0.0019179016501490696,0.0,0.0,0.0009872802966324895,10.22894983672006,0.0,0.0,5.44986723583067e-14,0.0,3.201766640845651e-13,2.583025636621984e-07,0.0,0.0,0.0,0.0,1.1523104124832185e-07,3.390252683537732e-14,3.191236431998169e-13,0.0,0.0,0.0,0.0,5.7084729656628344e-09,0.0,0.0,0.0,0.0,0.0,0.0,2.9616915681153415e-05,0.0,6.177707307908593e-07,0.0,0.0,0.0,6.30690917493281e-10,9.767094658632546e-11,0.0,1.371130998713397e-07,0.0,0.0001669965776270409,7.395592915607484e-14,0.0,1.2026556490734654e-14,0.0,0.0,0.0008256543389896831,1.0732906283172072e-09,4.607828672339996e-12,4.942087547818889e-14,
2018-04-03 20:57:50.595401,5ac0a85058777f106d30f8bc,0efd2abee5c74d95a0aba8abbacb17e9,getting_ready,0.0,0.0,0.0,1.8273888143154953e-09,0.0,0.0,0.0,0.0,2.925880864509013e-11,0.0,0.19420553654392725,0.0,0.0,1.329026718974721e-14,0.0,0.0,1.596366556947588e-09,3.5407539825521476e-10,1.7009602911315737e-14,0.0,0.0,0.0,0.0,0.0,0.0,0.0,7.5492684710216e-13,27.677065142326303,9.296611179723147e-11,0.0,24.46150387142313,7.494182688660329e-13,0.0,0.0,0.0,0.6923840300819735,0.0,0.0,0.0,0.0,2.37647147847407,0.0,0.0,1.2940624269160117e-08,0.0,0.0,1.559897851799743,0.011470478562643686,1.030014497143455,0.0,2.5561438048045325e-11,0.0,0.0,5.098204526308733e-10,0.0,1.659313087577792e-10,0.0,0.0,2.628053796983722,0.0,0.0,21.199558319725814,2.724178288843825e-07,0.0,0.0,0.0,4.275753664797276e-06,0.0,0.0,0.0,0.0,0.0,0.0,0.0,0.0,1.7480975403929907e-07,0.0,1.222282050529762e-05,0.0,18.016103025985636,0.0,5.117384208315272e-13,0.0001404403736099643,0.0,0.0,0.0,0.0,0.0,0.0,0.0,0.0003868315606900798,0.0,3.571327511021101e-11,0.024163982425638712,1.886660000273833e-12,9.140963698057327e-14,0.0,0.0,5.041946801528914e-08,3.9143194456156106e-13,0.0,0.00046998131545807845,0.0,0.0,0.0,0.047268990826455776,0.0,0.0,2.4486566484180383e-07,0.0,0.004871893135455919,0.0,0.0,0.0,2.7493895283410486e-11,0.0,0.0,0.0,0.07595259259642566,0.0,1.935671298446126e-11,
2018-04-03 20:57:53.595401,5ac0a85058777f106d30f8bc,0efd2abee5c74d95a0aba8abbacb17e9,detaching_from_ship,0.0,0.0,0.0,4.492279811383384e-09,16.407064516475053,7.750678473873084e-11,1.483461151760019e-08,0.0,0.0,0.0,0.0,0.0,0.0,0.0,3.3113747163413006e-09,0.0,0.0,7.688337503279309e-14,0.0,1.1613136355362518e-09,0.0,0.0,1.2564062011365185,6.374306115257393e-10,0.0,0.0,0.0,5.5544770853584426e-14,0.0,0.0,0.0014176842074018318,0.0,0.0,0.0,0.0,0.0,0.0,0.0,6.070396772295076e-07,0.0,0.0,0.895074667790897,6.088333710298191e-07,5.2770857598893496e-05,0.0,0.0,0.0,0.0,8.56122054342639e-15,7.478648309518801e-09,0.0,0.0,0.0,0.0,5.205480173923631e-09,0.05657619615381504,7.245555805002008e-08,2.0189510060841425e-07,0.0,5.465689110416416e-13,0.0,4.001366715243499e-05,0.0,0.0,0.0,0.006898250694839279,0.0,0.0,4.762519648616943e-07,0.0,0.0,0.0,0.020787066567319268,0.0,0.0,0.0,0.0,1.3257874757454914e-09,5.105728974721002e-15,3.4869027329316674e-06,1.1840504632077106e-12,0.0,26.97427606907987,2.6851225150470395e-06,54.37315218623335,0.0,0.0,0.0,0.0,0.007988149916244492,0.0,0.0,8.71416044610363e-06,0.00024363063470840538,0.0,0.0,0.0,0.0,0.0,0.0,0.0,0.0,0.0,1.1033093207334423e-09,2.978153052134792e-13,6.989752340917927e-13,0.0,0.0,0.0,1.9315758369758844e-14,5.704293222715511e-06,0.0,3.587526808347654e-14,0.0,0.0,0.0,0.0,0.0,0.0,0.0,0.0,started
2018-04-03 20:57:56.595401,5ac0a85058777f106d30f8bc,0efd2abee5c74d95a0aba8abbacb17e9,detaching_from_ship,0.0010214734573092965,0.0,0.0,8.245670410379654,0.0,0.0,0.0,0.7395372006596937,0.0,0.004352962003066962,1.0960015465719256e-06,0.0,2.958446749494058e-05,2.630644539378335e-07,0.0,0.0,0.0,0.0,7.218457928582323e-07,3.050778456288039,0.0,0.0,0.0,3.0926573534004855e-06,0.0,0.0,0.0,0.0,0.0,0.0,0.0,0.0,0.0,0.0,0.0,5.614291509988111e-06,0.0,0.0,0.0,0.0,0.0,0.0,14.102258587662776,1.9907540825708533e-06,0.0,2.653988649594604e-13,0.0,0.0,0.0,0.0,16.973489358679203,0.0,0.0,0.0,0.0,0.0,0.0,1.2102832649006885,1.394805427120218e-07,0.0,7.222307410371652,0.0,0.0,0.0,0.0,0.0,0.0,0.0,0.0,0.0,0.0,0.0,0.0,44.59495359226223,1.6278148475524866e-05,9.253263645255051e-14,0.0,0.0,0.0,0.00019488503886802886,3.855076582321103,0.0,0.0,0.0,0.0,0.0,2.4713751751720605e-09,0.0,0.0,0.0,0.0,3.5636267620871145e-13,0.0,0.0,0.0,0.0,0.0,0.0,0.0,0.0,0.0,0.0,0.0,2.225050793112474e-10,1.2883624484297678e-12,3.6523279424368886e-07,0.00035119237649511016,0.0,0.0,0.0,1.5884494535511387e-13,0.000680593877277401,0.0,0.0,0.0,0.0,0.0,0.0,0.0,6.3545391401651045e-06,0.0,energy system started
2018-04-03 20:57:59.595401,5ac0a85058777f106d30f8bc,0efd2abee5c74d95a0aba8abbacb17e9,detaching_from_ship,-0.9613479576083719,0.0,0.0,0.0,2.6740792195148932,0.0,0.0,0.0,0.0,1.3763164395050142e-09,0.0,0.0,0.0,0.0,0.0,5.932807312666862e-08,0.0,0.0,0.0,0.0,0.0,0.0,0.0,0.0,0.0,0.0,0.001397946820155324,0.0,21.079944666802593,0.0,0.0,0.0,0.0,0.0,0.0,4.167730457214293e-14,5.704899907926436e-11,0.0,0.0,0.013384921581322765,0.0,0.03854486812487405,0.0,0.0,0.0,0.0,0.7567527317552244,0.0,0.0,0.0,0.0,0.0,0.0,0.0,3.561520866736298e-12,4.186097834839315e-14,0.0,0.0,2.3764040644075693e-14,0.0,0.0,0.0,0.0,0.0,0.0,0.0,0.0,0.0,32.37462049844366,0.7608166331059419,0.0,0.0,0.0,0.0,2.4144798094740255e-09,4.1721283129735324e-05,0.0,0.0004025682366850399,0.0,0.0,0.0,0.0,8.04406810493182e-05,3.3466036682583836e-09,0.0,0.9001132343621384,0.0,0.0,0.0,5.435588577917559e-07,0.0,0.00013022265640691736,1.225586784923725e-06,0.0,0.0,0.0,0.0,0.0,0.0,1.3866913127358329e-07,0.0,0.0,5.384287433357471e-06,2.6727922227956383e-08,0.0,0.0,3.872216427601261e-08,0.0,0.0,2.146226985580826e-10,0.0,41.39968287727531,2.5063513321381134e-08,0.0,0.0,0.0,0.0,0.0,0.0,0.0,0.0,
2018-04-03 20:58:02.595401,5ac0a85058777f106d30f8bc,0efd2abee5c74d95a0aba8abbacb17e9,detaching_from_ship,-0.46095399701391915,0.0,0.0,0.0,0.0,0.0,1.3733848422533667e-06,0.0,1.353159681395937e-13,1.9164565417643335e-07,0.0,0.0,3.615452857452344e-09,0.0,0.0,12.160433944678951,0.0,26.37560702477262,3.9682428275873096e-14,0.0,6.034513236884092e-06,2.7213672610833105e-14,0.0,0.0,1.3311070699774123e-09,0.0,0.0,0.0,0.0,0.0,0.0,0.07860858777019462,1.3640109040055623e-13,1.5929831825118404e-07,0.0,0.0,1.4916979003062003e-13,0.0,0.0,0.0,4.0663441100913133e-07,0.0,4.291892678645193e-08,0.0,0.0,1.2713926181986522e-06,0.0013507699279157591,0.0,4.133458291710234e-05,0.0,0.0,0.0,0.0,0.0,3.214558371368457e-12,0.0,0.0,0.0,0.018424357396307968,0.0,0.0,0.0,0.0,1.534805148209597e-11,3.0736401065726506e-13,2.4715730045124825e-09,0.0,24.64506192827088,4.5269495556261825e-11,0.0,0.0,0.0,0.0,0.10632931946957103,0.0,0.0,7.647772092885524e-10,0.0,0.0014223109071185066,0.0,0.0,5.556131619034814e-08,0.0,0.0,2.108340513293194e-06,0.0,0.0,0.0,0.0,0.0044936338775280376,0.0,0.36351601673534856,0.0,0.0,0.0,0.0,1.729968344829442,0.0,0.0,8.669418666258819e-15,0.0,0.0,0.0,0.0,0.0,0.0,0.0,0.0,0.0,2.3265899561463978e-10,0.0,0.7248018118972035,8.692527857429968e-05,0.0,0.0,0.0,3.3023818542412454e-07,33.78984170719719,0.0,0.0,0.0,
2018-04-03 20:58:05.595401,5ac0a85058777f106d30f8bc,0efd2abee5c74d95a0aba8abbacb17e9,detaching_from_ship,-0.420624751623079,0.0,0.0,0.0,0.0,0.0,0.0,0.0,0.0,0.0,0.0,0.0,1.3218409290728339e-12,1.9856966846404724e-15,0.0,0.0,0.0,0.1627537443629878,0.0,0.0,0.0,0.0,0.0734970996627744,9.131915691708788e-05,1.4733461049987673e-11,8.539601410746889e-15,0.0,1.8869600009615213e-14,0.0,0.0,0.0,1.8410798835206287e-14,2.6457706720796207e-10,0.0,35.46760143910199,0.0,2.8693116617439136e-14,0.08945082362139152,0.0,0.0,0.0,0.07900904516807136,0.0,0.0,0.0,0.0,0.0,0.0,0.0,0.0,0.0,1.1352718992227426e-13,1.048995548800015e-14,0.0,0.04024372590229806,0.0,0.0,1.3077179326548624e-14,0.0,0.0,0.028719139466192884,0.0,1.3278897564051076e-15,8.627363225176296e-13,0.0,0.0,0.0,0.0,0.00612581093682278,0.0,0.0,0.0,0.0,0.0,0.0,0.16747045266760666,0.0,0.0,2.68693996449179e-10,0.0,1.1618930362420388e-12,0.0,0.0,0.002265545026292769,4.7771218280888964e-11,0.0,0.0,7.0196270683619624e-15,0.0,0.0,0.0,0.0,0.0,0.0,0.0,0.0,0.0,0.0,0.0,0.0,0.0,0.0,0.0,0.0,0.0,9.9847252828e-10,0.0,8.929914947220347e-05,2.227646425955777e-11,0.0,0.0,63.77019580372593,0.10116636217890067,0.00047073904355006787,0.0,1.6809305487096345e-09,0.0,0.010849647527762246,0.0,0.0,0.0,
2018-04-03 20:58:08.595401,5ac0a85058777f106d30f8bc,0efd2abee5c74d95a0aba8abbacb17e9,detaching_from_ship,-0.28210733661460563,0.0,0.0,1.8511198865588218e-07,3.809591575299515e-09,7.856347935047983e-05,0.19209795907413774,0.0,0.0,0.0,0.0,2.4438598431126494e-08,0.07425230042613891,1.2003725219828011e-05,0.24096660090964545,0.0,0.0,0.0,0.0,0.0,0.0,0.0,0.0,0.0,0.0,0.0,0.0,0.0,0.0,0.0,0.0,0.019240166558305426,0.0,0.0,1.504137662522898e-12,0.0,0.0,0.0,5.424681496131124e-09,0.0,0.0228432484605569,0.0,0.0,0.0,0.0,0.0,0.0,0.0,0.0,0.0,0.0,8.767834084854731e-06,21.02696022873053,0.0,62.00202502914847,0.0,0.0,0.0,0.0,0.0,0.0,0.0,0.0,0.0,0.0,0.0,0.0,0.00013785865387620005,0.0,5.218304915771655,0.0,0.0,0.0,0.0,0.0,0.0,0.0,0.0,7.825042264354076,0.0,0.0,2.1434025051840524e-05,0.0,0.14830949439198599,2.574099415119506e-12,0.0,0.0,7.860824897989055e-11,1.043670268610042e-08,0.0,0.0,0.0,0.0,4.9290001394905595e-06,5.080574433625716e-13,0.0,0.0,0.0,0.0,0.0,0.05241113771696878,0.0,0.0,2.508661594027851e-05,0.0,0.0,0.0,0.0,0.0,0.0,0.0,0.0,0.0,0.0,0.0,0.0,0.0,3.1768917292976764,5.107346642842111e-11,0.0,0.00036605247035712603,undocking finished
2018-04-03 20:58:11.595401,5ac0a85058777f106d30f8bc,0efd2abee5c74d95a0aba8abbacb17e9,going_to_the_place_of_operation,-0.21755224036983645,0.0,0.0,0.0,0.0,0.0,0.0,0.0033496833372768132,0.0,0.0,0.0,9.345875195205512e-15,0.0,4.88372003943446e-10,0.0,0.0,0.0,4.2685253482703355e-13,0.0,0.30354524878925815,2.3164909149793006e-13,0.0,0.0,0.0,0.0,4.598616150149308e-17,1.234523515116724e-13,0.0,0.0,0.0,2.5475678492348317,0.0,1.595414375998593e-12,0.0,41.0626624958524,0.0,3.6890222326970456e-14,0.0,0.0,0.0,3.5430361046891805e-11,3.058336798867638e-06,0.0,0.0,0.0,0.0,4.846576994097124e-11,0.0,0.0,0.0,0.0,0.0,0.0,0.0,0.0,0.0,0.0,0.0,0.0,0.3274259152315744,0.0,0.0,1.9474088672636366e-05,0.0,0.0,0.0,2.7822070207205254e-12,0.0,0.0,0.0,0.0,0.0,0.0,0.0,0.0,0.0,0.0,6.119201066661863e-14,1.602858896883559e-08,3.9700225082062904e-14,0.0,0.0,0.0,0.0,0.0,0.0,1.5873727467748858e-08,0.0,0.0,0.9353087702779117,0.0,0.0,1.4350022113831202,9.034922869071228e-08,0.0,0.0,3.903546752650274e-10,0.0,9.425721305909668e-07,3.67995883363085e-12,4.725401357869844e-13,0.0,0.0,43.16518351940181,0.0,0.0,0.0,0.00010286373460069782,0.0,0.0,1.292078934113335e-16,0.0,0.0,0.0,0.0,0.0,2.6294939197050994e-13,3.1776576761825736e-14,10.21975717917998,0.0,7.06653556973357e-05,started
2018-04-03 20:58:14.595401,5ac0a85058777f106d30f8bc,0efd2abee5c74d95a0aba8abbacb17e9,going_to_the_place_of_operation,3.188753596784875,-2.450259752415942,0.8394911359442734,0.00038290739143254744,0.0,0.0,0.0,0.0,0.0,0.0,0.0,0.0,0.0,5.170591093398809e-10,1.4046426370150854e-14,0.0,0.0,0.0,0.0,1.2613363447536761e-14,0.0,0.13443189879204956,0.0,0.0,2.5958413735930364e-05,4.857284270041982e-12,0.0,0.0,0.0,1.3102235219261084e-05,2.594523338962588e-11,0.0,0.0,0.0,0.0,0.0,0.0,0.03278953575700722,0.0,1.3915086550232226e-05,0.0,4.0492768485998715e-06,0.0,0.0,0.0,0.0,0.27155363062434107,0.0,1.5915251643215246e-12,40.25251853559121,0.0,0.01174928471198788,0.0,0.0,6.099616705669218e-07,3.961559980458458e-12,0.0,0.0,0.0,0.0,0.0,0.0,1.0331694336032254e-09,0.0,0.0,0.0,1.7245674173326632e-07,0.0,0.0,0.0,0.0,0.5020003840076073,0.40609432658905803,0.0,0.0,1.689335241828709e-10,0.0,0.0,0.0,0.0,0.0,0.0,0.0,2.635217944860735e-05,7.224747471991806e-09,0.0,0.0,0.0,0.0,0.0,0.0,0.0,0.0,4.953479527878955e-15,1.3277807464949334e-11,0.0,0.0,58.38782199979606,0.0,0.0,8.11310980975667e-12,0.0,8.378986348539633e-12,0.0,0.0,0.0,1.5906598848219497e-08,0.000569175744298151,2.494744408412832e-11,0.0,0.0,0.0,0.0,0.0,5.7088655272441175e-12,0.0,0.0,4.1364374116965925e-06,8.769071522248402e-15,0.0,0.0,
2018-04-03 20:58:17.595401,5ac0a85058777f106d30f8bc,0efd2abee5c74d95a0aba8abbacb17e9,going_to_the_place_of_operation,5.57187555164154,-1.4021997162069733,4.2456243121758614,3.5213045693689624e-15,0.0,6.617420139931294e-10,0.0,0.0,0.0,0.0,0.12503194163846854,0.0,1.1271388913734764e-08,0.0,17.024861405301465,9.904667898975264e-08,0.0,5.021175489201556e-05,1.0898334152684844e-12,5.077196089738628e-06,4.90168426147185e-15,0.0,0.0,0.0,14.303943190947482,0.0,3.242054910697291e-12,0.0,0.0,0.0,0.0,0.0,0.4952763357081425,4.490867875613959e-09,0.0,0.0,0.0,0.0,0.0,1.5776463038765698e-09,0.0,3.0921275470706575e-06,2.56277694081492e-06,0.0,2.1744582581954343e-06,3.272944812946115e-11,0.04490473613168514,4.3855235396483937e-13,0.0,2.6239827116219912e-11,5.069480948475027e-06,0.0,7.177128694767916e-10,0.0,1.989052814539466e-09,0.0,3.3958786943952616e-12,0.0,1.0593767166588222e-06,0.0,1.9729002308430513e-11,1.6962240310418456e-13,0.29157249323421836,0.0,9.301849432351399e-10,0.008391143223921076,2.8677993790345714e-15,1.3249916026197431e-11,1.0181273695169939e-14,65.53148233533136,1.2375978641932026e-15,1.2586491406058754e-10,0.0,0.0,1.991117008212821,1.844620925246792e-05,0.0,0.001378610395303937,0.12198041055008092,0.0,3.299174756233273e-09,0.0,2.6589583147332634e-06,0.0,0.014375592315022107,0.0,2.4806622433082514e-13,0.0,0.0,0.0,2.2644431570746804e-06,0.04551050394024058,2.1426385300771427e-13,2.5687698776686427e-12,1.7498883836775749e-15,0.0,0.0,0.0,0.0,3.7790593542714236e-09,0.0,0.0,0.0,0.0,0.0,2.8835433312721554e-05,0.0,3.3671403316545115e-05,0.0,0.0,0.0,0.0,0.0,0.0,0.0,3.6986795419099265e-06,7.736627274484556e-15,1.5342778454005395e-05,0.0,1.3641009946020795e-14,3.5889359787655063e-13,
2018-04-03 20:58:20.595401,5ac0a85058777f106d30f8bc,0efd2abee5c74d95a0aba8abbacb17e9,operating,2.2887990976381314,0.8388962272498874,2.566236014893671,0.0,0.0,4.734313963373278e-09,0.0,1.116936606933878e-07,1.3102493106519012e-14,0.0,0.0005431512408368326,0.0,0.0,0.0,0.0,1.9550263255147213,1.3511756271101564e-15,3.9829841958255266e-10,1.3663727499555824e-11,0.0,0.0,0.06424041886350174,0.0,0.0,0.0,0.00017024981034999804,6.680309974902503e-14,0.0,0.0,0.0,0.0,0.0,0.0,0.0,0.0,3.319985657467843e-13,0.0,2.4229151578799636e-07,0.0,6.362557113833523e-12,8.513780352734601e-05,3.5159795406335154e-08,0.0,0.0,3.951500240798459e-15,0.0,0.0,0.0,0.0,0.0,0.0,0.0,0.0,6.871923324884185e-09,0.0,5.830673463049318e-05,1.2227701874132738e-07,4.297820804068082e-14,2.5859365343520913,0.0,0.0,0.0,1.479948922023869e-12,2.134406820001386e-14,0.0,3.10220238462688,8.964306509905799e-09,0.0,1.770409039294552e-08,0.0,0.0,0.0,0.0,2.261949279960643e-14,0.003779715468596129,0.0002141389666806531,0.0,2.805329700085854e-05,0.0,0.0,0.0,0.0,50.479395542884,0.0,0.003940851270962196,0.10801728048470444,1.1779001315890604e-14,0.0,0.0,0.0,0.0,3.345293361503591e-11,0.0,0.0,0.0,0.0,0.0,0.0,0.0,0.0,41.6963565662637,4.638817181440369e-08,0.0,0.0,0.0,1.3563173074639537e-09,4.4947132036693037e-07,0.0,0.0,0.0,0.0,0.0,0.0,0.0,0.0,0.0,0.0,1.5007304997467466e-15,2.2005171213198017e-10,0.0,4.294831526598004e-06,started
2018-04-03 20:58:23.595401,5ac0a85058777f106d30f8bc,0efd2abee5c74d95a0aba8abbacb17e9,operating,2.2887990976381314,0.5627683659954936,2.4271928983686513,1.6451221180175632e-16,0.0,0.0028495018816871724,5.064828796773065e-12,0.0,1.3725154389486788e-08,0.0,0.0,0.007251149170720304,0.0,9.742294850052419,0.0,0.0,0.00018088683212525483,0.0,1.1806010519580934e-06,0.0,1.463503778027908e-05,2.3226670333797376e-12,0.0,0.0,0.0,0.0,6.290869049408755e-10,0.0,0.0,0.0,0.0,0.0,0.0,0.0,0.0,0.0,0.0,0.012117159758916963,3.6293173738022198e-09,5.415835274314414e-10,1.0236501094126527e-09,0.0,7.90229189739812e-15,0.0,0.0,0.0,8.68054683068118e-10,1.7109767182702853e-10,0.0,0.0,0.0011629131974342218,0.0020373004435383646,0.0,0.0,0.0,0.0,0.00843722942199198,0.0,0.0,0.0,0.0,3.671220052255885e-15,2.1093503299936587e-13,4.842971145225713,1.5564351210709214e-09,0.0,0.0,2.1889104881697177e-09,0.0,0.0,0.0,0.0,0.0,0.0,0.0,0.0,0.0,6.755713090005104e-14,0.0,0.0,0.0,0.0,0.0,0.0,0.0,0.0,0.0,0.0,0.0,0.0,0.0,0.0,0.0,0.0,0.0,0.0,0.0,1.3434695632999719e-14,34.11422800493351,0.0,0.0,1.9287738145081093e-14,6.59234440696977e-11,0.0,0.0,0.0,0.0,9.733915412191438e-11,8.886490048754932e-12,0.0,2.0336179088065186e-14,0.0,0.0,3.018750190521313e-06,0.0002696896576083381,0.0,0.0008083788347302206,8.476687351543353,5.015352399566603e-05,0.0,42.78863542662007,
2018-04-03 20:58:26.595401,5ac0a85058777f106d30f8bc,0efd2abee5c74d95a0aba8abbacb17e9,operating,2.2887990976381314,0.8331847237633834,1.8590773498581838,0.0,0.0,0.0,0.0,0.0,0.0,0.0,0.0,0.0,0.0,7.258811697893754e-14,7.711837488754576e-05,0.0,0.0,0.0,0.0,0.0,0.0,0.001667741297114611,6.057415360105725e-06,0.0,0.0,0.0,0.0,0.0,0.0,0.0,0.0,0.0,9.872839848215935e-10,0.0013312159742941937,7.681672477972081e-08,0.0,0.0,0.0,75.5551321209866,5.528662415846361e-07,0.0,0.0,0.0,0.0,0.0,0.4750988584195583,9.530495890466499e-13,22.66370644890917,0.0,0.0,0.0,0.0,0.0,0.0,3.47680269362514e-09,0.0,6.457865973308544e-14,3.7418029458407664e-05,1.0274751204185831e-05,0.0,1.7402219614196068e-11,0.0,0.0,0.0,0.0,0.0,4.7227612965084745e-11,9.531781224883226e-09,0.0,0.6229555893987535,0.0,0.0,0.5968927298907563,0.0,0.0,0.0,0.0,0.013943522938360854,0.0,6.893891060978684e-07,0.0,0.0,0.0,0.0,0.0,1.1018183092998858e-14,0.0,0.0,0.0,0.0,0.0,0.0,0.0,0.0,0.0,0.0,0.0,0.0,0.0,0.06909903507698158,0.0,0.0,3.453071052092335e-10,0.0,0.0,6.809901832798478e-06,0.0,0.0,0.0,0.0,5.283406628609384e-07,0.0,0.0,0.0,0.0,0.0,0.0,0.0,6.417558568733676e-07,0.0,3.255506015270952e-05,
2018-04-03 20:58:29.595401,5ac0a85058777f106d30f8bc,0efd2abee5c74d95a0aba8abbacb17e9,operating,2.2887990976381314,0.7202600390596241,1.3267792809274188,0.0,0.0002878820441062948,0.0,0.0,0.0,0.0,0.0,0.0,0.0,40.058155981155195,0.0,0.0,0.0,0.0,1.4184096775346873,0.0,0.0,0.0,0.0,0.0,3.897869324878205e-14,0.0,1.3642055100389374e-08,1.600641623493874e-13,1.9657206843537494e-07,4.704754506178991e-13,6.674058247429751e-09,0.0,0.0,0.0008530184397190284,0.0,0.0,0.0,9.500993070959451,0.009100559803538482,0.0,1.0910953792468916e-06,6.318168929479083e-14,0.0,0.4111262315238777,0.0,0.0,0.0,0.0,0.00025960452101583603,1.2548101203972626e-06,0.0,0.0,0.0,1.8066858026560975,45.52363976076539,0.0,0.0,0.0,3.791547859018032e-10,0.0,0.0,0.0,0.0,0.0,0.0,1.434179036632972e-13,0.0,0.0,1.2157755921670075,0.0,1.280572000076732e-12,0.0,0.0,9.455791707640934e-07,0.0,0.0,7.722079935059753e-12,0.0,0.0,0.054390567876398684,0.0,8.459885391880064e-05,5.235113551390656e-10,0.0,0.00022891462089802653,0.0,0.0,0.0,0.0,0.0,0.0,0.0,0.0,0.0,0.0,0.0,0.0,0.0,0.0,0.0,0.0,5.791553234523883e-10,0.0,0.0,0.0,0.0,0.0,0.0,1.066709679288509e-07,0.0,8.406399031645256e-08,0.0,0.0,0.0,4.914040175081871e-06,0.0,1.1886552630752082e-07,3.5735071516419323e-09,1.9974667375836523e-15,0.0,0.0,0.0,
2018-04-03 20:58:32.595401,5ac0a85058777f106d30f8bc,0efd2abee5c74d95a0aba8abbacb17e9,operating,2.2887990976381314,0.12495374090747102,1.8387850672475416,1.3560831567957247e-06,0.0,0.0,0.0,0.1538302107867414,8.018093270840047e-11,0.0,0.0,0.0,0.0018420097205694708,0.0,2.4274385768782206e-10,0.0,0.0,0.0,0.051519132543855185,0.0,0.0,0.0,5.7349787416739675,0.0,2.2165991804174465e-07,0.0,1.1763010784520023e-10,0.0,0.0,1.0168027761614559e-11,0.0,0.00037242825882057603,0.0,2.554970424605178e-09,0.0,0.0,0.0,0.0,0.0,0.0,0.0,0.0,0.04218078171682591,0.0,0.0,0.0,4.9204075570298724e-14,0.0,0.0,0.0012084818130103352,0.0,1.8621148189032394e-06,1.605432315705036e-11,86.49209144888982,3.978759843565491e-06,0.0,7.357900152611284e-12,0.0,6.992014270195609e-12,4.047504812519323e-12,3.209878431352152e-11,0.0,2.666658574691893e-10,0.0,0.0,0.0,0.0,0.0,0.0,0.0008502400806189429,2.3498967695508246e-05,0.0,0.0006565006747356654,0.0,0.0,0.0,1.83855386797058e-06,7.733944767072032e-14,0.0,0.0,0.0002005545155443123,0.0,3.0992086555806145e-06,0.0,0.0,0.0,3.296063355218959e-12,0.0,4.215744142518525e-09,0.0,7.517785606569197,0.0,0.0,0.0,0.0,0.0,0.0,0.0,0.0,0.0,0.0,0.0,0.0,0.0,0.0,4.1078205382754026e-05,0.0,0.0,0.0,0.0,0.0,2.423864281478108e-11,0.0009475332332613671,0.0,0.0,8.940025038097329e-15,0.0014593883873177636,0.0,8.540676930563032e-16,2.502455690003738e-14,0.0,
2018-04-03 20:58:35.595401,5ac0a85058777f106d30f8bc,0efd2abee5c74d95a0aba8abbacb17e9,operating,2.2887990976381314,0.0820993844731841,2.733600258270609,0.0,0.00031134690280761236,8.791325550946697,0.0,8.014911927527873e-13,15.949861042771673,2.0794096217539482e-11,0.0,0.08687930963381159,0.0,5.2456376311171324e-11,0.0,0.0,4.992437282860815e-10,0.0,0.0,0.0,0.0,0.0004225283022922897,2.792818828979299e-08,0.0,6.3700459982541715e-09,0.0,3.1826882849561363e-12,6.905507206994458e-10,0.0,0.0,0.009142911928049285,0.0,0.0,1.534055435428688e-11,0.0,0.0,0.0,5.308561179187752e-09,0.0,0.0,72.62015870385548,1.2933989783631784e-09,6.446619160360331e-12,0.0,0.0,0.0,1.3622416609504304e-08,0.0,0.0,0.0,0.0,0.0,0.0,1.3475852714162027e-11,0.0,0.0,0.0023022265217649347,1.8766358612402907e-09,0.0,0.0,0.0,0.0,8.469644698395705e-05,0.0,1.1784524943296226,0.0,0.0,0.0,4.876075962263064e-13,0.06764337599064141,0.0,0.0,2.961476965875332e-06,4.694674730617366e-09,0.0005917595896125004,2.8835044471687535e-09,2.9901401682339816e-14,0.0,0.0,1.6436008178527088e-08,0.0,0.0,0.0,8.952544748284638e-11,0.0,0.0,0.0,0.0,8.678058360335182e-14,0.0,0.0,3.1776440121279865e-12,0.0,2.682095267452224e-13,0.0,0.0,9.002926657094499e-06,0.0,0.615030009868888,4.576515654703629e-09,0.0,0.0,1.860098419954341e-14,0.0,0.0,5.9396231359390025e-05,3.614133587484006e-14,0.0,0.0,0.0,0.0,0.0,0.22997128278418943,0.0,0.0,0.0,0.447751313090726,0.0,1.5871569568269e-11,3.532378577171179e-14,0.0,
2018-04-03 20:58:38.595401,5ac0a85058777f106d30f8bc,0efd2abee5c74d95a0aba8abbacb17e9,operating,2.2887990976381314,0.14810575260329473,2.2548631821439358,9.65974742186013e-11,3.3432681300849394e-08,0.0,0.0,0.0,2.8097817487731156,0.0,0.0,0.0,0.0,0.0026459976699696394,0.0,0.0,0.0,0.0,0.0,0.0,1.9839233053915194e-08,0.0002738974489840026,0.0,0.0,6.637340444510025e-15,0.0,0.0,2.6279247981071124e-13,0.0,0.0,0.0,0.0,0.0,0.0,0.0,0.0,1.6307201617131675e-06,4.2392526929119215e-14,0.0,0.0,0.002029545327543785,1.3415602855703322e-14,0.0,0.0,0.00016335666499098993,0.0,0.0,5.173664117588847e-06,0.0,0.00030085484413898596,0.0,0.0,9.153552315533358e-15,0.0,0.03356884628737651,0.0,0.0037369806720021718,0.0,0.0,0.0,0.0,2.570974365043337e-10,0.0,0.0,10.212137844647748,2.715857362732159e-13,5.5712003223088554e-14,4.470575447851609e-07,0.0,0.0,0.0,0.0,0.0,3.6172718760588944e-12,0.0,0.0,0.0,0.0,0.0,0.0,2.1586125842419652,0.0,2.699065788992504e-11,0.0,0.0,0.0,81.16808144368883,1.0234004290257296e-05,0.0020377986608156604,0.0,0.0,0.0,0.0,0.14998789092361878,0.0,1.319467009030745e-13,1.1569862141536072e-09,0.23382635371309443,0.0,0.0,0.0,3.2212744782704426,0.0,2.2640408640117847e-14,8.812411104530514e-13,7.2584752527562705e-06,0.0,0.0,0.0,0.0,0.0014482462892033594,4.847071317854863e-07,0.0,6.885934157285108e-13,0.0,6.68484320494616e-05,0.0,0.0,0.0,0.0,0.0,found stone cylinders
2018-04-03 20:58:41.595401,5ac0a85058777f106d30f8bc,0efd2abee5c74d95a0aba8abbacb17e9,operating,2.2887990976381314,-0.04990785700944045,2.1394075587102477,4.473011005553174e-13,2.801106665360119e-13,1.6721739871658048e-15,0.0,19.51164119038137,0.0,7.456318322050667e-12,0.0,0.0,0.0,0.0,0.0,1.5172567288358098e-06,0.0,0.0,0.0,0.0,0.012408510453195295,0.0,0.0,0.0,0.0,5.853862402520605e-15,0.0,0.0,0.0,0.0,6.265662682365525e-15,0.0,2.6095496105515697e-05,0.00017863859805757867,1.8652838802808465e-05,6.067716254075291e-15,0.0,0.0,71.5279798981902,2.6901114686265735e-05,2.6374067445783124e-12,0.0,0.0,0.0,0.0,7.127744182309473,0.0,0.0,0.0,0.0,0.00035600900134078774,0.0,1.0107141303387793e-11,0.0,0.0,0.0,1.3100459204175266e-14,0.0,0.0,0.0,0.0,0.0,1.385055214429722e-15,0.038435284035707645,1.6581967999588636,0.0,0.0,0.0,0.0,0.0,0.0,0.0,0.0,3.069008695318227e-08,0.0,0.0,0.0,0.0,0.0,0.0,0.0,0.0,2.818699800191993e-15,4.675603811510087e-10,1.358804484494318e-15,5.824232835366708e-11,0.01301078429677048,5.311227522561938e-05,0.0,0.0,0.0,4.705703695663057e-15,1.0640762581736716e-14,0.0,0.0,0.0,0.0,0.0,1.2736829695957526e-09,0.10928341771007588,0.0,0.000316634460213398,0.0,7.201475011688406e-05,0.0,4.779439959413238e-14,5.749456204605104e-07,0.0,0.0,0.0,0.0,0.0,6.000243958262526e-14,0.0,1.0618061184006087e-15,2.4044590302149818e-15,0.0,0.0,0.0,1.559057508407316e-05,0.00023415884173594526,
2018-04-03 20:58:44.595401,5ac0a85058777f106d30f8bc,0efd2abee5c74d95a0aba8abbacb17e9,operating,2.2887990976381314,0.11500193632460443,1.4432405165927058,0.0,4.707911592725279e-12,0.0,0.0,0.0008841611568557095,5.491772600326557e-13,0.0,1.9336734129925817e-11,0.0,0.0,0.0,0.0,0.0,0.0,0.0,0.0,0.0,0.0,2.9374900502404717e-09,1.979606695858051e-13,1.8283263108262972e-15,2.254829867877323e-13,0.0,0.0,0.0,0.0,0.0,0.0,6.656805803311478e-06,1.1706622852007724e-08,0.03680393188000514,9.371461062419357e-12,9.107784810560405,3.5579720268396593e-09,0.0,0.0,1.1930305858324883e-14,0.0,1.2274738529814698e-08,0.0,2.0389351667601064e-12,0.0,0.0,0.0,3.489799794447706e-05,0.0,0.0,0.12161157099916532,0.0,0.0,9.367879226609442e-09,5.0171499980154755,0.0,0.2969618008343774,0.0,0.0,4.415239262415383e-09,0.09232234002762289,0.0,1.2641589795731682e-08,0.0,0.0002901956993090372,0.0,0.0,2.2253588878974096e-05,0.0,0.0014877957725493876,1.2615533033017534e-07,1.5473074889055866e-12,0.0,0.39684675573883177,0.0,0.0,0.0,1.1921976863184996e-13,0.0,0.0,0.0,8.505915625098066,0.0,0.0,0.0,0.0,5.668186832420986e-08,3.188708645653214e-07,0.0,4.818531743526702e-07,3.141462052686875e-07,0.018582351822201814,0.0,7.301691397387511e-10,0.0,8.743982585516677e-08,0.0,0.001593821774962371,0.0,0.005005108582038742,0.0,3.376742444828376e-08,0.0,0.0,5.931580290687154e-12,0.0,0.0,3.5186904319149525e-11,0.0,0.25227236071635206,1.1195028401110236e-14,5.706608436258587e-12,0.0,47.527555468461756,0.0,15.483425243992528,0.0,0.0,0.0,0.0,13.133441373843535,
2018-04-03 20:58:47.595401,5ac0a85058777f106d30f8bc,0efd2abee5c74d95a0aba8abbacb17e9,operating,2.2887990976381314,0.11397261354410393,2.205081802224795,0.00021678708437134847,0.0,0.11829610680517907,0.0,0.0,0.0,0.0,0.0,0.0,0.0012692823680317024,5.178685253176546e-07,0.0,1.1223913080110307e-13,0.0,0.0,0.0,0.0037830240944356167,0.04278789669135489,0.0,0.06885013132858571,0.0,0.0,0.0,0.0,3.0634591571898083e-07,0.0,0.0,0.0,0.0004622563418586314,0.0,0.0,0.0,0.0,0.0,0.007814638278373046,2.5724220034540593e-07,2.704926333771531,0.0,0.0,26.775751032279295,1.0028172744496697e-10,0.0,19.23218340347549,0.0,0.0029691795108447955,3.800376538612604e-09,0.0,0.0,3.653415401172102e-05,0.0,0.0,6.030134379270734e-14,0.0,0.0,6.3233542829994695e-06,0.0,0.0,0.0,5.128890842471447e-11,0.0013240090392753366,0.0,2.0392765344516668e-12,0.0,0.0,48.60064748848761,0.0,1.9244754513244396e-10,0.0,0.0,5.322240139317161e-14,0.0,3.140073789077904e-14,0.0,2.253195737248594,0.0,0.0,0.0,0.0,0.0,0.0,0.0003131076579870321,0.0,0.0,0.0,0.0,0.0,7.906944107902516e-07,0.0,0.0,0.0,1.140970210690144e-11,0.0,5.089575335916043e-13,2.2604302552696194e-14,0.0,0.0,0.0,1.0614293132869139e-08,0.0,2.6779184739460484e-06,0.0,0.0,0.0004578127715102601,0.007137301793401745,4.648751605106469e-16,1.7816827456856337e-08,0.0,0.0,9.280269764949184e-08,0.0,0.0,0.0,0.0,0.1763439160748891,0.0012230219270977238,0.0,0.0,0.0,
2018-04-03 20:58:50.595401,5ac0a85058777f106d30f8bc,0efd2abee5c74d95a0aba8abbacb17e9,operating,2.2887990976381314,-0.237040898946987,2.2223374609442015,0.0,2.7840604383139337e-09,4.798919004750706e-11,0.0,0.0,0.0,6.181498994106474e-07,0.0,0.0,0.0,1.1157974208950337e-09,54.18623637994021,0.0,0.0,0.0,1.321960909685e-07,0.0,5.690175903768179e-12,8.174658227984925e-14,0.0,0.0,0.0,0.2102519994469511,0.0,0.0,0.0,0.006827751333035838,0.0,1.0059743412777946e-15,2.0607808764258488e-11,8.163525821417392e-14,7.026432165916091e-14,8.811477245009212e-06,0.0,0.0,0.0,0.0005069750486469112,0.0,5.27244574863855e-09,0.0011538191374935306,2.8566540955258964e-09,2.049065281395349e-14,0.0,0.0,5.562056783162919e-10,2.0642056388486002e-11,0.0,1.1311109356801147e-07,0.0,0.0,0.043626267973439006,0.0,5.3705030650570175e-15,3.4915712664994864e-07,9.85904822918801e-15,0.0,8.539461741099566e-15,0.0,0.0,0.0,2.4152646167480323e-10,0.0,0.009670584370241807,2.943395134673932e-15,0.0,6.941612905121742e-14,0.0,0.0,0.00046093608218407726,0.0,0.0,0.0,0.0,0.0,0.0,0.00012521817136086974,0.0,0.0,0.0,3.2666837857918294e-11,0.0,0.0,0.0,0.0,0.0,0.0,0.007523352627895794,0.0,0.03605078192822352,0.035088294041702904,0.0,5.950682627325786e-07,5.3920968549760924e-11,3.1833828931744506e-05,1.0031137529534646e-08,0.0,1.3914261775598579e-11,45.46238001812548,0.0,0.0,0.0,0.0,0.0,0.0,0.0,0.0,1.7053336485526428e-15,0.0,0.0,0.0,0.0,0.0,0.0,0.0,0.0,5.51457308781337e-05,0.0,0.0,taking a cylinder from the structure
2018-04-03 20:58:53.595401,5ac0a85058777f106d30f8bc,0efd2abee5c74d95a0aba8abbacb17e9,operating,2.2887990976381314,-1.0976436199525734,1.3639669039867337,0.0,0.0,0.0,0.0001757880769579033,0.0,0.0,0.0,0.0,0.0,1.8082593179766142e-06,0.0,0.0,0.0,0.0,3.623754730399888e-14,0.0,0.0,0.0,0.0,0.0,0.0,0.05422688749746753,0.0,63.22916025303397,3.797004448834744e-10,0.15612704697629257,0.0,36.167984239931485,6.755616297850106e-15,0.0,2.7959160507619378e-08,1.5750804670278132e-07,0.0,0.0,0.0,0.0,1.89145357968079e-11,0.01478627669021644,0.0,0.0,0.0,1.0979220167940384e-10,0.0,0.0,0.0,1.7115607122169148e-12,0.0,0.0,0.0,0.0,0.006184184472124987,7.957262287945664e-14,7.318888895721315e-06,0.0,0.0,2.805084224676697e-05,7.739643272378376e-12,0.0,0.0,0.0,0.0,4.6303365636646585e-07,0.0,2.1189539537312866e-11,0.0,3.6890169236512754e-08,0.0,0.0,0.0,0.0005222233059102888,0.0,0.0,0.0,0.0,0.0,0.0,1.1273888777706426e-14,0.0,0.0,0.0,0.0,0.0,0.00010258912448488645,0.0,0.0,4.513844804716017e-11,6.742726708920521e-07,0.0,0.0,1.9771250999740507e-05,0.0,4.377070214714584e-14,0.0,1.498460558300256e-14,0.0,0.0,0.0,0.0,0.0,2.075366120519411e-06,0.0,0.04197851143699702,2.38522402331308e-08,0.0,0.0,0.0,0.0,0.0,0.0,0.0,1.4198205607643569e-11,0.0,0.0,0.3286915907320179,0.0,0.0,0.0,0.0,
2018-04-03 20:58:56.595401,5ac0a85058777f106d30f8bc,0efd2abee5c74d95a0aba8abbacb17e9,operating,2.2887990976381314,-2.0247309199993735,0.898324638834481,0.0,0.0,0.0,1.210429034175757,0.0,0.0,0.0,0.0011867130289999576,1.0812547184507183e-11,0.0,0.0,0.0,0.0,0.001537925201811983,3.223739707513112e-05,0.0,0.0,0.0,6.498401500406134e-14,0.0,0.0,0.0,2.015154938476931e-05,4.522289174730178e-13,74.43277652058893,5.669615090052248,0.0,0.0,2.054343417265908e-09,0.0,0.035629919174424256,2.2228475653129288e-05,0.001633075742528557,0.0,0.0,4.4106627851973705,2.625406509224191e-10,0.0,0.0,0.0,0.0,0.0,0.0,0.0,0.0,0.0,6.729474906551187e-09,0.0,0.0,6.98189991098805e-06,0.00030386038819384153,0.0,0.0,0.0,0.0,7.778632687327472e-12,0.0,0.0,1.096067776823764e-05,0.0,0.0,0.0,0.0,0.0,0.0,0.0,0.0,0.0,0.0,0.0,0.0,0.0,0.0,0.0,0.0,0.0,0.03661835766571159,6.035744536159782e-07,0.0,0.0,0.0,0.0,0.0,0.0,0.0,0.0,2.5009708754047373e-11,0.0,0.596373838655906,0.0,0.0,0.0,0.0,2.9746662301568367e-09,0.0,0.0,0.0,0.0,0.0,0.0,0.0,0.0,0.0,0.0,0.0,0.0,0.0,0.0,1.2363541776043589e-08,0.0,0.021670388012379336,13.581469304112337,0.0,4.127174506172098e-13,0.0,0.0,0.0,0.0,
2018-04-03 20:58:59.595401,5ac0a85058777f106d30f8bc,0efd2abee5c74d95a0aba8abbacb17e9,operating,2.2887990976381314,-1.2352029115371734,1.809499808548588,0.0,7.095166797106924e-07,0.0,0.0,0.0,0.0,3.293374874531601e-12,2.8852553398371284e-12,0.0,0.0,2.928843487685643e-11,0.0,0.0,0.0,0.0006182002972545785,7.922969018767133e-15,0.0,0.0,0.0,3.136042036712414e-12,2.6970884236822045e-07,2.9035473992589396e-06,3.184575938991205e-05,0.0,0.0,0.0,0.0,0.005874960997112569,0.0,1.4859596606469259,3.98349665304311e-11,0.0,0.0,0.0,0.0,0.0,0.0,0.0,0.0,6.315117223172317,2.3718084570204406e-06,0.0,0.0,0.0,38.33494125395532,0.0,0.0,0.0,0.0,0.0,0.0,0.050868172810910994,1.2183924045753672e-08,0.0,0.0,0.0,0.0,0.0,3.427495095443641e-11,0.0,0.0,40.380393542124416,0.0,0.0,0.029423650324317607,0.0,2.553435022379044e-12,0.0,1.9243825169046457e-05,12.810926639526402,0.0,0.0,0.41829540522099057,0.0,3.4315439430162985e-09,0.0,0.0,0.0,0.0,0.08981223832081194,0.0,1.7971009235208558e-08,0.0,0.0,0.0,0.0,6.121980644757622e-10,3.0716336267346766e-07,0.0,0.0,0.0,0.0,0.0,0.0,0.0,0.0,0.0,0.02496825892083893,4.174538523381702e-11,0.0,0.05243453737205737,0.0,0.0,0.0,1.194166784809515e-12,0.0,0.0,0.0,0.0,1.6884219557165745e-11,0.0,0.0,3.1936472959843204e-14,0.0,0.0,0.0003050217971336831,0.0,3.548810075056353e-06,
2018-04-03 20:59:02.595401,5ac0a85058777f106d30f8bc,0efd2abee5c74d95a0aba8abbacb17e9,operating,2.2887990976381314,-1.07299996423944,2.05341169382701,0.0002206057576149542,9.725367324443635e-13,0.0,0.0,0.0,0.0,0.0,6.261981268023769e-13,0.0,2.214787105761315e-09,1.6663774699159553e-13,0.0,0.0,0.0,0.0,0.009028758278148577,0.0,0.0,0.0,0.0,0.0,0.0,8.197899962328734e-14,0.0,0.0,0.0,0.0,2.1487327172023918e-11,0.0,3.290646346686951e-06,0.0,0.03994429290446806,26.62889281082408,9.667511290295478e-06,0.009551272929771863,0.0,3.7730759864586254e-14,0.0,0.0,0.0,2.094261736771065,8.585666123961521e-15,0.10242891639911317,0.0,0.0,0.0,0.004315822969110399,0.0,0.0,2.572162364032864,0.0,0.0,0.0,0.0,0.0,0.059906434676385956,0.0,0.0,0.0,0.0,1.6508564008263236e-08,0.0,3.9563200259065736,0.0,0.0,0.0,0.0,5.0084558637526944e-08,0.0,0.0,0.0,1.530408507449162e-10,6.938903513673111,0.0,0.0,0.0,0.0,0.0,0.0,0.0,0.0,0.0,0.0,0.0,0.0,3.061966737684306e-07,0.0,0.0,0.0,0.0,0.0,0.0,3.088440885263096,0.20222876456627334,54.27969868583675,0.0,0.0,0.0,0.013679505427245808,0.0,5.334629610056155e-10,7.048828224885753e-15,6.827265702051009e-15,0.0,0.0,0.0,0.0,0.0,0.0,0.0,0.0,0.0,3.383598227671006e-07,0.0,0.0,1.9315523859940624e-06,0.0,0.0,
2018-04-03 20:59:05.595401,5ac0a85058777f106d30f8bc,0efd2abee5c74d95a0aba8abbacb17e9,operating,2.2887990976381314,-0.8285032970001622,2.135534074957568,0.0,0.0,0.0,0.0,7.0448282129530726e-12,0.0,0.0,0.0,0.0,1.4181096310454533e-10,2.5892244724235458e-14,0.0,1.6647459424016362e-09,0.0,0.0,0.0,1.3232877199826223e-13,31.13718261379881,0.0,0.0,0.0,0.0,0.0,0.0,0.0,0.0003824650856871814,4.724926642903364e-13,0.007261617697815799,2.2689892619613972e-10,0.0,0.0,0.0,0.0,0.00039173047497728934,2.8751262576762893e-12,1.2535491625078602e-12,1.1174401994209174e-09,0.0,0.0,0.0,4.052134505870643e-12,0.0,1.2629058021147773e-06,0.0,0.1442527773646115,0.0,6.135288225085764e-12,3.054088607865349e-14,0.0,1.4455364496089393e-12,0.0,0.0,0.0,0.8636319274169137,0.0,0.0,0.0,0.0,0.0,0.0,0.0,1.9340248517954896e-14,0.0,0.0,0.0,48.81939906665431,7.127678883745248e-14,0.0,0.0,0.0,3.497310655926966e-13,0.0,4.5825725734939976e-14,1.005542033910657e-09,3.284980760103847e-10,0.0,0.0,9.11992647925163e-12,0.0,0.0,0.0,18.96987866769649,0.0,4.2752795254722555e-10,0.0,0.057613348564709,6.967289108530512e-11,0.0,4.5045287167426465e-06,0.0,0.0,2.3613531021120094e-12,0.0,1.272890622505082e-08,4.556334149794006e-12,0.0,0.0,4.300315886544497e-11,0.0,0.0,1.6879583314580816e-13,0.0,0.0,0.0,0.0,1.1177055091195236e-11,0.0,0.0,0.0,0.0,5.722014818857025e-12,0.0,0.0,0.0,0.0,0.0,0.0,0.0,
2018-04-03 20:59:08.595401,5ac0a85058777f106d30f8bc,0efd2abee5c74d95a0aba8abbacb17e9,operating,2.2887990976381314,-1.6664154145636063,1.6408020172656792,7.571979290882964e-09,0.0009335521403168669,0.0,0.0,0.0,0.004366159547141617,0.0,7.139058059663775e-05,1.2788857659999336e-11,0.0,1.9080690819407063e-07,0.0,3.644953261973341e-14,0.0,0.0,0.0,0.0,0.0,0.0,0.0,4.963525328751521e-11,0.0,0.025311722310304173,0.0,0.0,0.0,0.0,0.0,0.0,0.0,8.377678949153492e-06,0.0,0.0,0.006258473644707258,4.6718467816890087e-07,0.0,0.0,0.0,1.2915010763337167e-13,1.8722886247701867e-08,0.0,0.0,0.0,0.0,0.00142834907802629,0.0,0.0,0.0,0.0,5.0489220646853113e-11,0.15862149360078587,2.211606686613637e-13,0.0,0.0,0.0,0.0,2.0741661180177436e-07,1.2410348488285933e-12,0.0,2.364884428539826e-07,0.0,0.0,0.0,0.0,0.0,1.9061486757731384e-12,4.291849507377238e-12,0.0,0.0,5.846889045020269e-06,0.0,0.0,0.0,0.0,0.0,0.0,3.785985578407878e-10,0.0,0.0,0.0,0.0,0.0,0.0,0.0,0.0010260010397828416,0.04766232802913534,0.0,0.0,0.013109952273348035,0.0,0.0,0.0,0.0,0.0,0.0,8.376200905718248e-15,53.80468263694359,0.0,0.0,0.0,3.569081142364022e-09,0.0,0.0,0.0,0.0,45.55284563480541,0.0,0.3836669491444997,3.4383426114983865e-11,0.0,0.0,0.0,0.0,0.0,0.0,0.0,0.0,0.0,"storm started, returning to the boat"
2018-04-03 20:59:11.595401,5ac0a85058777f106d30f8bc,0efd2abee5c74d95a0aba8abbacb17e9,operating,2.2887990976381314,-2.129376455922886,1.103080948207597,0.0,0.0,1.4006988824823187e-07,5.331925508746228e-05,0.013928562172983954,4.266171179204917e-13,0.0,0.3290982739228339,0.0,0.0,0.0,0.0,0.0,0.0,0.0,0.0,0.0,0.0,0.0,1.116901308539849e-11,1.7757243317988687e-11,0.0,1.7593652966303794e-13,1.0974192893018162e-11,0.0,1.0657955598052831e-11,0.0,5.964531502758231e-05,0.1374487271599308,1.0731560263819606e-13,0.0,3.0118181349854702,0.00012154808150222233,0.0,0.0,0.0,0.0,0.0,0.0,9.230171769873182,0.0,0.0,0.0,5.942557812565481e-11,0.0,0.0,0.0,0.0,0.0,0.0,0.0,0.0,8.068861836304584e-06,81.12886623847612,8.962364718500055e-11,4.4575779144643975e-07,0.0,4.6758623707344,0.0,0.0,0.0,1.898086806547104e-11,0.0,0.0,0.0,0.0,0.0,0.0,4.095611604044035e-10,3.71295909779266e-05,0.2713707775109315,8.307838090921613e-13,0.0,0.010387534710263506,0.0,0.0,0.0,0.0,0.0,0.0,1.4036158324873238e-07,3.466014139537808e-13,1.0540284256742432e-13,0.0,1.0361069952761882e-07,0.0,0.0,0.0,0.0,0.0,0.0,0.0,0.0,0.0,0.0,0.0,5.98881151168151e-09,2.2081991079228773e-11,0.0,0.0,0.0,3.2033560394634397e-10,0.0,0.0030185665472045545,0.0,3.176055489433142e-05,0.0,0.0004207519626314289,0.0,0.0,0.0,4.410543963831962e-07,0.0,1.1872955424426808,6.945381776161273e-12,1.935569331268989e-11,0.0,0.0,
2018-04-03 20:59:14.595401,5ac0a85058777f106d30f8bc,0efd2abee5c74d95a0aba8abbacb17e9,operating,2.2887990976381314,-1.2512972198360344,1.3077109301284189,0.0,0.0,0.0,0.45876347881949797,2.6440447561899984e-15,0.0,0.0,1.898282640790131e-15,0.0,0.0,27.660111025484923,0.12578985415129457,0.0,0.0,23.84419847203949,0.0,3.4459297583956493e-12,0.0,4.265369942069251e-05,1.704046721932439e-08,0.0,0.00020418391766855758,0.0,2.3601877297692885e-09,0.0,0.20881296554179188,0.0,0.0,0.0,0.0,5.798958874465011,0.017597417071383972,0.0,0.0,0.0,0.0,1.116477039592963e-07,1.841866227398742e-15,0.0012122322394672676,1.808599755459202e-14,28.60187802420746,4.129374724332625e-07,0.0,7.622333107558114e-13,0.0013849715135237028,0.0,0.0,0.6267622183735037,0.0,0.0,0.0,0.0,0.011073231754865558,0.0,0.0,1.0802289718166555e-10,0.04400589065260347,0.0,2.4590720242332033e-05,8.874193744859712e-14,0.0,1.799632860162848e-08,0.0,0.0,0.0,0.0,0.0,0.0,5.961769529982191e-12,0.0,0.0,0.0,8.409631397598283e-14,2.825554793736466e-15,0.0,0.0,1.736849054930859e-07,0.05690044602046277,0.0,5.653220591961707e-06,0.0,0.0,1.9497693153753153e-06,0.0,0.0,0.0,1.1820013702857945e-14,0.0,0.018310518076686006,0.0,0.0,5.224208877416926e-06,0.0,0.0,0.0,3.505939291601674e-14,0.0,0.0,0.0,0.0,6.9573367424557135,0.0,0.0,0.01015171134625192,8.190672775502156e-12,4.487433615879299,0.0,0.0,0.0,0.30250361195241343,0.0,0.7645517235495437,1.2348003064533263e-05,0.0,0.0,0.0012212288178029586,0.0,0.0007444062541542601,
2018-04-03 20:59:17.595401,5ac0a85058777f106d30f8bc,0efd2abee5c74d95a0aba8abbacb17e9,operating,2.2887990976381314,-2.146965156012482,2.024114270656418,0.0,0.0,1.0007393962175728e-11,0.0,0.0,0.0,0.0,0.0,6.802485255201158e-14,1.1954815076381333,4.2239320282811735e-06,0.0,2.0595148470573306e-09,0.0,0.0,1.1475415638523622e-14,0.0,1.6071285532584738e-06,0.0,0.0,0.0,0.0,40.28721579278475,0.0,0.0,5.049745591960401e-07,0.0,0.0,0.0,0.0,0.0,0.0,0.0,1.3948196783921866e-13,8.026823018971165e-13,0.0,1.552329678410051e-09,0.0,4.582116582152481e-07,0.0,0.0,6.495514933167788e-14,0.0,0.0,1.4011341233048438e-05,0.0,9.242517796829424e-15,0.0,0.0,0.0,0.0,0.0,9.188718923127073e-09,2.0654772029886086,0.0,0.0,0.0,0.0,0.0,0.0,3.330057293332642,0.0,8.455340464468145e-05,0.0,0.0,0.0,0.0,0.0,52.51577621235097,0.0,0.0,0.0,0.0,0.0,0.0002845237336686214,0.0,0.0,0.0,3.785341883149013e-14,0.0,0.0,5.1475336005048836e-08,0.0,0.0,0.0,0.0,5.154381041741988e-05,0.0,1.4384769168563857e-11,0.0,0.0,0.0021037356321540693,0.0,0.0,7.129851178665201e-11,0.0,0.0,0.0,0.0,0.5993581541769131,0.0,0.0,0.0,0.0,4.0851899100787195e-07,4.585285743294675e-06,0.004083393953595206,0.0,0.0,0.0,0.0,0.0,1.979571328024558e-07,0.0,0.0,2.447089459028755e-08,0.0,0.0,
2018-04-03 20:59:20.595401,5ac0a85058777f106d30f8bc,0efd2abee5c74d95a0aba8abbacb17e9,operating,2.2887990976381314,-1.6259694567529968,1.4432224623516894,1.7765798531139967e-08,0.0,0.0,0.0,0.0,5.270990076103866e-10,0.0,0.0,4.781481571213147e-10,0.0,0.0,0.0,0.0,0.0,0.0,0.0,0.0,0.0,0.0,1.7983919345047182e-09,0.0,0.0,2.1826063755698577e-10,4.9592665655740133e-08,0.0,4.517565945334433e-08,1.5811303538272723e-07,0.05538722562869915,0.0,0.0,0.0,0.0,0.0,0.0,2.7272203251016702e-14,0.0,0.0,64.86964302795806,0.0,0.0,5.0607836543385205e-11,0.0,0.0,6.741382588601977e-11,0.0,0.0,0.0,0.0,0.0,0.0,0.0,0.0,0.0,0.008035380893511175,0.0001763060062033099,0.0,0.07815731895419203,0.01328686805302628,0.0,1.72654360899507e-15,0.0,0.0,0.0,0.0,0.0007860105894531554,0.0,0.0,0.0,0.0,0.0,0.0,0.0,8.017479939728586e-13,0.0,2.37137484207055e-06,0.00036458509468306993,0.0,0.0001363088125010207,0.0,0.0,0.0,1.0242487073218512e-10,0.0,0.0,0.0,0.0,0.0,0.0,0.0,0.0,0.0,0.0,0.0,0.0,0.0,24.403275061337194,0.0,0.0,0.0,0.0,0.0,3.0801800660712315e-12,0.017563627383068523,0.0,7.2962286170782e-15,0.0,0.0,0.0,1.2237891036283854e-10,0.0,0.0,0.0,0.023942026845428437,0.0,0.0,0.0,10.529243274821075,3.322322064154667e-07,
2018-04-03 20:59:23.595401,5ac0a85058777f106d30f8bc,0efd2abee5c74d95a0aba8abbacb17e9,returning,2.2887990976381314,-1.4342655784113392,1.100305353528206,7.946373583414791e-07,0.0,0.0,0.0,0.0,0.0,0.0,0.0,0.0,1.77382111799311e-11,0.0,2.3320906256334846e-10,0.0,8.561894750274587e-10,6.901849271764937e-14,0.0,0.0011165761768646362,1.174293412130042e-14,58.04221452149956,0.0,0.0,7.167110788121881e-05,0.0,1.2657135959422838e-10,0.001352871217482656,0.0,1.4876361656671186e-13,2.918747410425852e-12,0.0,6.390606302149723,0.0,0.0,1.6655562837078544e-10,0.0,0.0,19.48830612256296,0.0,7.402461574803978e-12,0.0,0.0,0.0,0.0,1.4179192316719417e-12,0.0,0.0,0.0,0.0,3.105664885150505e-09,6.588048133324534e-11,0.0,0.0,0.0,0.0,0.0,0.0,3.6211969126695e-12,0.0,2.5806350852192666e-11,0.0,0.00047849026203017987,0.0,0.0,1.7432229319080879,1.7008096652753501e-09,0.0,0.0,0.0,0.0,0.0,0.0,0.0,0.0,0.0,1.4620650921415344e-09,0.0,0.0,0.0,0.0,0.27002064473282983,0.0,3.9592726478768136e-08,0.0,0.0,0.0,0.0,1.6810408638495892e-13,0.0,0.0,0.0,0.0,0.0,0.0,0.0,0.0,0.00012821571043142307,0.0,0.8471155833308327,0.0019725641410381902,0.0,0.0,12.765000715333343,0.0,4.68733320450733e-08,0.0,0.0,0.0,0.0,0.4483898637398178,0.0,0.0,1.3568947142343291e-08,1.7502420215091051e-13,0.0,0.0,2.0236783236640772e-06,0.0,0.0,0.0,started
2018-04-03 20:59:26.595401,5ac0a85058777f106d30f8bc,0efd2abee5c74d95a0aba8abbacb17e9,returning,2.1362124911289224,-1.3386478731839166,1.0269516632929923,0.0,0.0,0.0,0.0,0.0,0.0,0.0,0.0,19.9378016714132,0.0006502859200297342,0.0,4.650508042476367e-14,0.0,0.0,4.699400653334897e-14,0.0,4.888655790624168e-05,0.0,4.139249554380258e-05,0.0,0.0,0.0,0.0,1.1327734833043357,0.0,0.0,9.02477585520422e-12,5.312226518101522e-06,1.745979358395325e-09,5.79467532502384e-06,0.0,5.9815309971271e-09,0.0,2.0673090834830903e-10,0.0,0.0,0.0,0.0,0.0,0.0,1.7978849643035236e-08,0.0,0.0,0.0,0.0,0.0,0.0,0.01015934591463771,54.937666769428546,0.0,0.0,2.0248087171127366e-13,0.0,0.0,0.0,0.0,0.0,0.0006442875503148086,0.0,0.0,0.0,0.0,0.0,0.0,0.0258087501485421,1.1551261710132809e-07,1.2495543925698639e-06,8.572210950366809e-12,4.396567237464616,0.0,0.0,0.0,8.022983218166126e-10,0.0,0.0,0.0,0.0,0.0,0.0,0.0,7.080225502578318e-13,0.0,0.0,0.0,0.0,14.308662914982719,0.0,0.0,0.0,2.4292279337746694e-10,0.0,0.0,0.0,0.0,0.0,3.982221180215713e-14,0.0,0.0,0.0,2.2360996447663267e-07,0.0,0.0,0.0,1.239111112656525e-13,1.237544253058646e-14,0.00012099713428625152,0.000261421447005543,1.7565678769063322e-09,0.0,0.004046183516816638,0.0,0.0,0.0003300777091809943,5.244403570699865,0.0,0.0,0.0,0.0,
2018-04-03 20:59:29.595401,5ac0a85058777f106d30f8bc,0efd2abee5c74d95a0aba8abbacb17e9,returning,1.9836258846197137,-1.2430301679564941,0.9535979730577785,0.0,3.798485518810111e-13,0.0,1.3570605748152017e-14,0.0,0.0,2.2504742613673023e-10,0.0013243985434228552,8.976512519431805e-12,0.0,0.0,0.0,0.0,0.0,9.607320677460795e-14,0.0,0.0,0.0,0.0,2.693285345444736e-06,0.0,0.0,0.0,88.96106806596605,3.6215684980525855e-09,0.0,0.0,3.7321547220342537,5.7673351318665495e-15,0.0,0.0,0.0,0.0,2.8340332725340584e-14,0.0,0.0,9.092650657189127e-13,4.1925512301949106e-15,2.5984759190647908e-09,0.0,0.0,0.0,0.0,0.0,6.675168312326012,0.0,0.0,0.0,8.63227358212196e-14,0.0,0.0,0.0,0.0,0.0,6.069045476875197e-15,0.0,0.0,3.407890286610632e-05,0.0,3.1626092404480907e-06,0.0,0.0,0.0,5.413171311343251e-13,9.918738298853588e-14,0.0,0.0,2.962304804314304e-07,1.7449137133043692e-07,0.0,0.0,1.6906192654250257e-06,3.6657190361069407e-13,0.0,0.0,0.0,1.1115548831577439e-12,0.0,0.0,1.4182390802945526e-12,0.0,0.0,0.0,0.0,5.111342737211491e-11,0.0,0.0,0.0,0.0,0.0,0.0,0.0,0.0,0.0007179477375914178,0.0,0.0,0.0,0.0,0.0,0.0,0.0,0.0,3.3495938377565776e-15,0.0,0.0,0.0,0.0,0.0,3.962058577333655e-15,0.0,0.0,0.0,0.0,2.452769834206832e-13,1.77795334141315e-05,0.6295066712102033,0.0,0.0,investigating the cylinder and the liquid inside
2018-04-03 20:59:32.595401,5ac0a85058777f106d30f8bc,0efd2abee5c74d95a0aba8abbacb17e9,returning,1.831039278110505,-1.1474124627290716,0.8802442828225647,0.0,0.0,0.0031060629621665462,2.0300144595884398e-14,0.0,0.0,0.0,0.0,0.0,0.0,0.0,0.0,0.01615890804342819,0.0,0.0,0.0,0.0,0.0,0.0,1.0003758377315355e-12,0.013944051413604504,0.14275626423585855,1.7619852873279168e-10,0.0,0.0,0.00046151650193602815,8.345679817413096e-07,0.0,0.0,0.0,0.0,0.0,0.007610901914136321,1.7882198041114352e-06,0.0,0.0,8.974261363009526e-07,0.0,1.0844107994297667,0.0,0.0,0.0,0.0,13.324583614324382,0.0,0.0,0.0,7.582826628082387e-05,6.146444551232701e-05,0.0001990608009724641,0.0,5.7484969028139925e-08,9.421749302332378e-15,5.965200773699711,0.0,0.0,0.0,0.0,0.0,0.0,0.0,9.579699092493313e-10,0.0,0.0,0.07590373085297603,0.0,0.0,0.0,0.0,68.95483212444516,0.0,0.0,0.0,0.0,2.759999427737408e-06,0.0,0.0,9.891869756439352e-11,0.0,0.0,0.0012480185553019971,0.0,0.0,8.370306601503399e-07,1.6861618926234272,0.0,0.0,0.0,0.0,0.0,0.0,0.0,0.0,0.0,3.3409926066981324e-05,0.0,2.3190012348860007e-14,0.0,0.0,0.005026945984703667,0.0,8.718216491888658,0.0,0.0,0.0,0.0,9.456332832451803e-09,0.0,0.0,9.532369733945108e-07,0.0,0.0,0.0,0.0,0.0,0.0,0.0,1.0295634694397486e-09,
2018-04-03 20:59:35.595401,5ac0a85058777f106d30f8bc,0efd2abee5c74d95a0aba8abbacb17e9,returning,1.6784526716012962,-1.051794757501649,0.806890592587351,3.3823849969684583e-09,0.0,0.0,9.212464868671456e-13,24.975998140337783,1.6248366514077774e-08,0.0,0.06203732242498222,1.8339949272024326e-07,1.490273835986113e-14,0.0,0.0,0.0,0.0,0.0,0.029882146281837885,0.0,0.00021818019106739718,3.8088432781637284e-06,0.0,3.394673137252855e-09,0.0,0.0,0.0,9.805959749976613e-05,3.042894968084531e-10,0.0,9.605357867476545e-05,0.0,8.279588764540802e-09,0.0,0.0,0.0,0.0,0.001072404957424082,0.0,0.0,0.01174697538832192,0.0,1.1332344297814803e-14,0.0,0.0,0.0,0.0,1.875343675740518e-09,0.13777987295600513,0.0,4.1017150763096404e-11,0.5315997708657828,8.415207169663138e-15,0.0,0.0,0.0,0.0,0.0,9.199163309398538e-13,53.9233929356356,0.0,0.0,0.0,0.0,0.0,0.0,0.043902923141186594,1.9284962933811014e-14,0.0,0.0,2.2133208423334096e-05,0.0,0.0,0.0,0.0,0.0,0.0,0.0,1.0636645411758056e-14,5.3501840656921403e-14,0.0,0.0,4.454343991194267e-08,0.0,3.1669070678268607,0.0,0.0,0.0,0.0,0.0,0.0,0.0,4.358112702759745e-08,0.0,1.0296975258072861e-05,0.0,0.0,0.0,0.0,0.0,0.0,0.0,0.0,0.0,0.0,16.31229750344803,0.0,0.0,0.0,7.672074316458029e-07,0.0,0.0,0.8029157758642737,1.5466091377814603e-06,0.0,0.0,0.0,1.5986316024565684e-05,0.0,2.2142090235113648e-08,1.151351957938199e-09,
2018-04-03 20:59:38.595401,5ac0a85058777f106d30f8bc,0efd2abee5c74d95a0aba8abbacb17e9,returning,1.5258660650920874,-0.9561770522742264,0.7335369023521372,1.3924224098210569e-14,0.000739868740641894,1.239398792264724,0.0,0.0,0.0,1.3497627873221082e-14,1.5887364727842801e-12,0.0,0.0,0.0,0.1939030620214365,7.92195641129694e-14,6.505926404404931e-05,0.0,0.0,47.04178954019162,0.0,0.0,0.0,6.13082256596319e-06,0.0,0.0,0.0,25.00304358322774,0.0,0.0,8.074756958497645e-05,0.0,6.173194106516898e-09,0.0,0.0,0.0,0.0,0.0,0.0,0.005385463439965739,8.202025344772512e-08,5.668356259766747e-09,0.0,0.0,0.0,0.0,1.3077179360846402e-13,6.108809750533077e-09,0.0,5.708196951300091e-07,5.356079173687015e-13,0.0,0.37812531389643655,0.0,0.0,0.0,2.446080843760617e-10,0.0,0.0,0.0,3.3266871389334278e-06,0.0,0.0,0.0,0.0,0.0004437306211783673,0.0,8.363981187855256e-05,4.356712514117289e-05,0.0,0.0,0.0,3.076043137581322e-14,0.0,0.0997487963702018,0.0,0.0,2.6754161515081004e-08,8.93324122999399,0.0,0.0,0.0,1.6826517811348548e-11,6.046545993867223e-12,0.0011447637103255755,0.0,0.0,0.0,4.838885042114997e-08,0.0,1.4983877120577193e-13,0.0,0.0,5.104363856907323e-07,0.0,0.0001756901166941286,0.0,0.0,0.0,0.012242653807344834,0.0,17.074146814796016,0.0,0.0,0.0,0.0,0.0,0.0,4.2898903004951025e-12,0.0,4.407873384932466e-11,4.323664562662023e-09,0.0,1.5504279555127758e-14,0.0,0.016186964509545574,0.0,0.0,0.0,0.0,0.0,
2018-04-03 20:59:41.595401,5ac0a85058777f106d30f8bc,0efd2abee5c74d95a0aba8abbacb17e9,returning,1.3732794585828787,-0.8605593470468038,0.6601832121169234,0.0,0.0,8.90255900054919,0.0,0.0,6.017503692172505e-08,0.0,0.0,0.0,0.0,0.0,0.0,0.0,7.333482121965487e-14,0.0,0.0,0.0,0.0,0.0,0.0,0.0,0.0,0.0,0.0,0.0,0.0,0.0,0.0,0.0,5.081003761120971e-10,5.414627830204944e-07,0.0,0.16202927605166606,4.90166658595925e-12,0.0,0.0002452975297738219,7.833513466976195e-13,0.0,0.0,0.0,0.0,0.0,30.41563896403009,0.0,0.18573853012470265,0.0,0.0,0.0,0.0,0.0,0.0,3.832930804447718e-10,0.0,8.324994217762593e-10,0.0,0.0,0.0,0.0025461389198489243,0.00015701106420008918,0.0,0.0,0.0,0.0,0.0,30.880186003482123,0.0,3.6571221293987664e-05,0.0,0.0,0.0,0.0,0.0,0.0,0.0,0.0,0.5863837966908975,0.0,0.0,0.0,7.023879298807905e-15,1.8363036277818938e-05,0.0,0.0,0.0,0.015913251120613266,0.0,0.0,0.0,0.0,0.0,0.0,6.483421273535585e-15,0.003746981235346916,0.0,2.693115522466292,0.0,9.523369998106318e-10,0.0,0.0,0.0,0.0,0.0,26.151442452183883,0.0,1.1769447578031775e-14,4.1777308672288704e-11,0.0,0.0,0.0,0.00024223593219266417,0.0,0.0,0.0,0.0,0.0,0.0,0.0,0.0,making panic
2018-04-03 20:59:44.595401,5ac0a85058777f106d30f8bc,0efd2abee5c74d95a0aba8abbacb17e9,returning,1.22069285207367,-0.7649416418193812,0.5868295218817097,0.0,7.004268282282206e-06,0.0,9.476930728071719e-07,1.3495162084397842e-07,1.1397030065105383e-10,0.0,3.40446169965642e-09,0.0,0.0,0.0,0.0,0.0,0.0,0.9519669277510735,0.0,1.1316649489599765e-11,0.0,2.1901163662394053e-08,0.0,0.0,0.0,0.0,0.010027820054124904,0.010470012259134628,0.0,0.0,1.670002378527488e-05,0.0,0.0,6.072189667712129e-06,3.96801547922908e-11,4.993337793917963e-10,0.0,0.0,85.18900085464041,0.0,0.0,0.0,10.95274929676399,3.498949190231919e-10,0.9555993402579714,0.0,0.0,0.0,6.651040249537446e-06,0.0,0.0,0.00022858312669000148,0.0,0.0,0.0,0.0,0.0,0.0,1.4683638459234734e-14,0.0,0.0,0.0,0.0,0.038381295473337046,1.4986918479194253e-13,7.0145583243246605e-09,0.0,0.0,0.00034138159579170886,0.0,0.0,0.0,0.0,0.0,0.0,0.0,0.0,0.0,0.0,0.0,2.283184493600833e-08,0.0,0.0,0.0,0.0,0.0,1.0094903280447475e-14,0.0,0.0,0.0,0.0,0.0,0.0,1.1713409585085717e-06,1.23936505706906e-07,0.0,1.3835861144580987e-07,0.0,5.918049036087844e-12,0.0,1.8729620542097017e-07,0.0,0.0,0.0,0.0,0.0,1.4791906456532016,0.0,0.0,0.0,0.0,0.0,0.0048460403056896735,0.0,0.4069752072718407,3.649722489550922e-11,0.0001834075389632483,0.0,0.0,0.0,0.0,
2018-04-03 20:59:47.595401,5ac0a85058777f106d30f8bc,0efd2abee5c74d95a0aba8abbacb17e9,returning,1.0681062455644612,-0.6693239365919585,0.5134758316464959,0.0,0.0,0.0,7.425270837244528e-08,0.0,0.0,0.0,1.2569744823333066e-10,0.002873491139222929,0.0,0.0,9.019473751766188e-13,0.0,0.0,21.148272894475127,0.0,0.0,1.9999172413978925,2.72677168070759e-10,0.0,1.9101890097414076e-09,0.0,0.0,0.0,0.0,0.0,0.0,0.0,4.3727820403797476e-10,0.0,4.3638937193259045e-08,0.0,0.0,0.0,3.53732388182588e-05,0.0,0.0,0.3916378274010217,24.723892532093906,5.558782412056245e-08,0.0,0.0,0.0,2.5053331915577536e-14,0.0,0.0,0.0,31.785333509480918,0.0,0.0,0.0,0.0,0.012723825042251002,4.288342109083546e-06,0.0,0.0,0.0,0.01961173605884612,5.781356018091781e-07,0.0,0.0,0.0,0.0,9.633969905570116e-09,0.0,0.0,0.0,0.0,2.8468338480134223e-13,0.0,0.2619915147218666,0.0,0.0,0.0,0.0,0.0,0.4171625011605284,17.909097419585393,0.003565206579751046,0.0,0.0,3.4318804191191086e-09,1.1736261084860663e-07,1.306732808124032,0.015479343693976546,0.0005424849558452616,0.0,0.0003387675074811254,0.0,0.0,0.0,2.3027925905379476e-09,0.0,0.0,0.0,0.0,0.0003663728549258122,0.0,0.0,0.0004199749221138397,7.659675421273109e-11,0.0,0.0,0.0,0.0,0.0,0.0,0.0,0.0,0.0,0.0,0.0,0.0,0.0,0.0,0.0,0.0,5.397012235159886e-11,
2018-04-03 20:59:50.595401,5ac0a85058777f106d30f8bc,0efd2abee5c74d95a0aba8abbacb17e9,returning,0.9155196390552525,-0.5737062313645359,0.4401221414112822,1.1283189211910046e-05,0.0,0.0,5.012310244400113,0.10048129074711362,0.0,5.076790621112026e-12,0.0,0.0,0.0,0.0,0.0,0.0,0.0,0.0,0.050364033763430766,0.0,0.0,0.0,0.0,7.33011142923988e-15,0.0,1.5255262597282779e-09,0.0,0.0,0.0,0.0,0.0,0.0,4.0836509332706487e-10,0.0,0.0,0.0006949977979542884,0.006348439242271009,0.0,3.6056451137632386e-12,7.59862857818178e-06,0.0,0.0,0.0,0.0,6.817374817720892,0.0,0.0,0.0,0.0,0.0,0.0,1.3727690296472054e-14,4.087295123585671e-09,0.0,0.0,0.0,0.0,0.0,0.0,0.0,0.0,0.0008865834732714325,0.0,0.0,13.172167700838788,0.0,0.0,0.0,0.0,0.0,5.571730899572386e-06,0.0,0.0,0.0,8.055348209658526e-14,1.3037338228981698e-06,0.0,3.628647975415813,0.0,0.0,0.0,0.0,0.0,0.0,0.0,8.483119357217299e-08,0.0,14.479350837330541,0.0,0.0,0.0,0.0,8.545470140011362e-09,32.64525684652345,0.0,3.111614656662767e-13,1.3856350452903058e-14,0.0,0.0,0.0,24.08609010562175,0.0,0.0,0.0,0.0,1.2886173377560639e-10,0.0,2.7030621151385927e-07,1.037190096146502e-14,0.0,0.0,0.0,2.92011632874919e-14,0.0,0.0,0.0,0.0,0.0,0.0,0.0,0.0,
2018-04-03 20:59:53.595401,5ac0a85058777f106d30f8bc,0efd2abee5c74d95a0aba8abbacb17e9,returning,0.7629330325460437,-0.4780885261371133,0.3667684511760685,1.95552657107762e-08,1.5216219800294992e-10,4.402888056188842e-10,0.0,0.0,0.0,3.9331528460734134e-14,4.419313206799614e-07,0.0,6.9909675184206134e-15,1.2301965307383133e-06,4.108881697394208,3.033081378796205e-14,0.0,0.0,6.569488084045422,0.0,0.0,0.0,6.041339605026068e-11,3.9663222800966664e-05,0.0,0.0,0.0,5.977477045467417e-11,0.0,0.0,0.0,0.0,0.0,0.0,5.9760303907380815e-12,2.5272850060423926e-12,0.0,0.0017586693140669088,2.6648531010912546e-07,1.5532693943758088e-14,8.92388437300039e-10,0.0,0.0,0.0,0.0,0.0,0.0,3.048243121987039e-14,0.2657554443556891,0.0,3.752660964531632e-05,1.4037908619725836e-12,0.0,0.0,0.0,0.0,0.5385428917139826,0.8243242309655174,0.0,9.14160454344897e-15,0.0,0.0,0.0,0.0,0.0,7.200149777771807e-13,0.0,0.0,0.11856637839663432,0.0,0.0,0.0,0.0,1.302199741353182e-09,7.329407228448187e-09,0.10117594441945277,0.0,0.0,5.968660529842904e-09,1.2245789396277832e-11,31.87858693465949,0.0,0.0,0.0,0.0,0.0,0.055870075043234144,0.03325636052322768,0.0,3.652032646039924e-13,6.817385360789937e-05,1.4951981662104284e-05,0.0,0.0,2.0888836130348958e-11,0.0,0.0,55.501238525120414,8.112192299032697e-11,0.0,0.0,0.0,0.0,0.0,2.687711772606339e-10,1.7747338696500328e-13,0.0,0.0,5.565131865269599e-06,0.0023867770245886138,0.0,0.0,1.5074585054516346e-10,0.0,0.0,0.0,0.0,0.0,1.3130568205770566e-07,6.088727742571618e-15,0.0,
2018-04-03 20:59:56.595401,5ac0a85058777f106d30f8bc,0efd2abee5c74d95a0aba8abbacb17e9,returning,0.610346426036835,-0.38247082090969065,0.2934147609408548,0.0,0.0,6.445322693366721e-11,0.0,0.3014185493993572,0.0,0.0,0.0,0.0,2.2552233507079625e-11,0.0,0.0,0.0053311002160997475,1.404905027913416e-10,0.0,0.0,0.0,0.0,0.0,3.2215466009982844e-10,0.0,0.0,0.0,0.0,0.0,0.0,0.0,0.0,0.0,0.0,0.0,0.0,0.0,0.0,0.0,0.0,0.0,1.8462262922271815e-09,2.2630875459198663e-14,3.014140015672029,0.00018751748653069933,0.0,0.20075974022420245,0.0003406634936256987,0.0,5.652073640184813e-05,0.0,0.0,0.0,0.0,2.5300412874600425e-09,0.0,90.47676532716149,0.0,0.0,0.0,0.0,0.0,0.0,0.0,0.0031814215816201295,5.847016806019894,0.0,0.0,0.0,0.0,0.07330304297009713,9.450567600266208e-05,0.010633591293870662,0.0,6.0436083536344785e-15,0.0,4.177498162115212e-15,0.0,0.0,1.2895210574241083e-15,0.0,0.0,0.0,0.0,0.0,2.4476633311972756e-08,1.1862876170233322e-14,0.0,0.012800577423517699,0.0,0.0,0.0,0.0,0.0,0.0,8.76990602024183e-13,1.40814713350412e-06,0.0,0.0,0.0,0.05121739585883581,0.0,0.0,0.0,0.0,0.0003209456961651458,0.0024305155602098285,0.0,0.0,2.4903980543542758e-11,0.0,0.0,0.0,0.0,0.0,3.7515896418462836e-14,0.0,7.815158988291274e-09,0.0,0.0,0.0,3.1813934577933153e-07,
2018-04-03 20:59:59.595401,5ac0a85058777f106d30f8bc,0efd2abee5c74d95a0aba8abbacb17e9,returning,0.45775981952762623,-0.286853115682268,0.22006107070564107,0.0,14.574946794571593,0.0,0.0,0.0,0.0,0.0,0.0,0.0,0.0,0.0,8.470006757089705e-12,0.0,0.0,1.8571945151656096e-10,0.0,0.0,5.0764390210317194e-05,1.2684581721920132e-05,5.50622007512522e-06,0.0,0.0,0.0,0.0,0.0,1.1054740535034142e-08,0.0,0.0,8.878612952874287e-13,0.0,0.0,7.580029066785692e-12,0.0,0.0,0.0,4.857218490353502e-11,8.887949467748597e-11,0.0,0.0,0.0,3.1498614825914416e-08,0.0,4.981786249898479,0.0,0.0,1.528079633025568e-08,0.0,0.0,2.278245080006962e-14,4.227375588685238e-12,0.0,7.877604321017554e-12,0.0,0.0,0.0,0.0,0.0,0.0,0.0,0.0,3.2924577738618046,0.0,0.0,1.3901546801334206,7.842768616964955,6.416144221944335e-14,0.0,0.0,0.0,0.007368635773735446,0.0,0.0,1.828568701854379e-07,0.0,3.49360016034363,1.739484935228578e-08,0.0,0.0,0.0,2.175761884738988e-15,0.0,1.2895230371796637e-05,2.343608397888589e-06,3.7833872992921835e-11,1.6579829576003888e-06,0.0,0.0,0.0,0.0,0.0,0.0,2.0798556688073435,0.0,0.0,0.39991558222319096,0.0,35.524125086122304,0.0,0.0,0.0,0.0,1.3157364435717846e-05,4.994627832217722e-09,0.0,0.0,1.2862582322264683e-05,2.6504068995727916e-05,0.0,1.826463410573009e-08,0.0,3.2940463503214555e-05,0.0,1.9890053943094082e-09,26.412849094919157,6.364412731643236e-09,0.0,1.128896925907988e-11,4.978745601689981e-08,third engine started
2018-04-03 21:00:02.595401,5ac0a85058777f106d30f8bc,0efd2abee5c74d95a0aba8abbacb17e9,returning,0.3051732130184175,-0.1912354104548454,0.14670738047042736,0.0,0.0653907609841381,6.822479060880506e-15,0.0,0.0,2.1759030768612087e-05,0.0,27.241308017387446,0.0,1.115578738295155e-06,0.0,0.0,6.408714041021022e-15,0.0,0.0,2.819074211099139e-08,0.0,1.3300617573363634e-08,7.232836019957739e-13,0.0,0.0,0.0,7.7188606001055415,0.4100058034392295,0.0,1.53952251308549e-05,0.0,0.20518084158376051,0.0,0.0,0.1662987340127096,5.504954606304273e-06,0.0,0.0,0.7375992246254348,0.0,0.0,7.670326719780118e-15,2.2794240649569535e-05,1.6055536794748927e-15,0.0,0.0,0.0,12.044407823947354,0.0,0.000786142287358626,0.0,0.0,0.0,1.8445957938312891e-06,1.714725262036448e-14,1.7038888841314262e-12,0.0,0.0,0.0,0.0,0.0,0.0,0.0,0.0,0.0,1.7877656423363533,0.0,3.391885307013847e-07,0.0,0.0,0.0,1.778490169948551e-07,0.0,0.0,0.06137297687877542,0.0,0.0,25.20896438126112,0.0,0.0,0.0,0.0,0.0,0.0,0.0,8.414918564073206e-08,0.0006538929119600602,0.06013965650565365,3.0437328841356426e-14,5.378385914542568e-13,0.0,6.35736181156773,0.0,0.0,0.0,0.00014641773816155963,17.7898717011236,0.0,0.0,0.0,0.0,0.13930081822277776,1.6334573040038864e-14,0.0,0.0,0.0,0.0,0.0,0.0,0.0,0.0,0.0,0.0,0.0,0.0,0.0,0.0,0.000377447029857208,0.0,0.004138249744182349,0.0,0.0,
2018-04-03 21:00:05.595401,5ac0a85058777f106d30f8bc,0efd2abee5c74d95a0aba8abbacb17e9,returning,0.15258660650920872,-0.0956177052274228,0.07335369023521364,1.4918810255071491e-15,0.0,0.0,0.0,1.1109808269125046e-07,0.0,0.0,5.22072665566831e-12,0.0,1.2034671777672147e-07,7.355273231120224e-16,0.033049369153006686,3.6854833355764097e-13,0.0,1.2934783893698336e-10,0.002973607802637256,0.0,0.0,0.0,0.006171615098768178,3.221081751040899,0.0,0.0,0.0,0.0,5.131975145548013e-06,0.0,0.0,0.0,3.604513948995369e-07,0.0,0.0,1.6025692790111493e-10,0.0,1.3055931298017012e-14,0.0,0.6243275839696749,0.0,4.9145286092689155e-05,1.0622357778960775e-14,0.0,0.0,0.5617759972876115,5.452462399520257e-08,0.00011801138241487587,2.078227687360233e-10,0.0,0.0,0.0,0.0,0.0,8.087159660455083e-13,0.0,0.0,0.09249658249543904,0.0,0.0,2.9776376203241395e-12,0.0,4.13438756517826,0.0,0.0,0.0,0.0,0.0,0.014682681338604568,0.0,6.46835131502038,2.1249462611922687e-13,0.0,6.195627665387094e-05,0.0,3.325876401981006e-05,0.0,0.0,0.0,1.609292281628064e-15,0.0,1.2839061168261478e-10,1.1056292694369956e-07,0.020751966865953177,0.0,0.0,1.8420641705759844e-10,0.0,0.0,5.764044684761933e-15,5.9050503466747316e-08,0.0,0.0,0.0,0.0,0.0,9.806786315785801e-14,0.0,0.0027752761709102,0.0,2.8208157965377726e-14,0.0,0.0,0.0,0.0,83.33032351419742,0.0,0.0,0.6278923224912425,2.2451698497480307e-12,1.819027276014782e-07,1.034842123492564e-06,0.0484901807393896,0.0012365134967938748,0.0,0.0,7.7533617160183e-13,0.8060640254313014,0.0,0.0,0.002898594935489659,
2018-04-03 21:00:08.595401,5ac0a85058777f106d30f8bc,0efd2abee5c74d95a0aba8abbacb17e9,attaching_to_ship,-5.551115123125783e-17,-1.942890293094024e-16,-8.326672684688674e-17,2.447016424974121e-09,0.0,0.0,7.421466515119976e-15,14.402505811210286,0.0,0.0,0.0,0.0,0.0,0.0,0.0,0.0,0.044213115872187306,0.0,0.0,0.0,0.0,64.3999546336151,0.0,0.0,0.0,0.0,0.0,0.0,6.5145165866447e-13,0.0,0.03664334715055681,0.0,0.0,0.0,3.746672843269864e-09,0.0,0.0,0.0,0.0,0.0,0.0,0.0,0.0,0.0,0.0,2.290331859536883e-11,0.0,0.0,0.0,0.0,0.0,0.0,0.0,0.0,9.639350267219273e-14,0.0,7.256989417408217e-13,8.243792800248464e-15,3.371867964492161e-05,0.0,0.000647049503386686,2.5305098121655774e-08,1.0281681623195855e-08,0.0,0.0,0.009393538092290089,0.0,0.0,0.0,0.0,0.0,0.0,1.2088548632411173e-06,0.0,4.6949975586044996e-14,0.1571601601701725,0.0,7.393981216461681e-10,0.0,0.0,0.0,9.707616064963479e-14,0.0,0.0,0.00023267592219249097,0.0,0.0,20.948601504759168,0.0,0.0003679862030405689,0.0,3.436971804847812e-05,0.0,0.0,0.00020880991941699427,0.0,1.2448998709743305e-13,4.8610955191234344e-11,0.0,1.1265577997104242e-08,0.0,0.0,0.0,1.5617833776401225e-10,0.0,0.0,0.0,0.0,7.021402396363767e-07,0.0,0.0,0.0,0.0,0.0,0.0,7.130264727259281e-08,0.0,0.0,0.0,1.2428718039976065e-06,0.0,started
2018-04-03 21:00:11.595401,5ac0a85058777f106d30f8bc,0efd2abee5c74d95a0aba8abbacb17e9,attaching_to_ship,-4.85722573273506e-17,-1.700029006457271e-16,-7.28583859910259e-17,0.0,0.0,0.0,0.0,3.1595667921911207e-06,0.0,1.678456211844983e-12,0.0,0.0,0.0,0.0,0.0,0.0,0.0,0.0,4.955080226733093e-08,0.0,0.0,0.0,0.0,0.0,0.0,1.2428454466720212e-06,0.0,0.0019307219214301377,0.00021712335305090928,0.0,0.0,0.0,0.0,0.0,1.9443991160996032e-12,0.026588757001467997,0.0,1.6719968667118608e-06,0.0,0.0,0.03866219838202473,7.056516846372093e-13,0.0,0.0,0.0,0.0,0.0,0.0,1.0013768700385094e-08,0.0,0.0,0.09772771742063545,7.550850456188942e-15,0.0022939042432282425,0.0,0.0,0.0,0.0,0.0,8.999932108416266,0.0,0.0,0.0,4.720912194970933,0.0,0.0,0.0,0.0,0.0,9.663794574293609e-07,0.0,0.00019291739729158675,0.0,0.0,0.0,0.0,0.0,0.00041154865761962756,0.0,0.0,0.0,0.06944613900820357,8.438936419770558e-06,1.737807700623255e-10,85.74358926566622,0.0,0.0,0.0,0.0,6.197558329099377e-13,0.0,0.0,0.0,0.0,0.0,1.7458802717688936e-08,0.0,0.01787809420279284,0.0,0.0,0.0,0.00012631709275658416,1.1957958813600618e-07,0.0,0.0,0.0,0.0,0.0,0.0,0.28001413936801944,0.0,0.0,0.0,1.7041810863880355e-05,0.0,0.0,0.0,1.2923343401733654e-11,4.3745858794781215e-05,4.858649153877528e-12,3.887039410875056e-07,
2018-04-03 21:00:14.595401,5ac0a85058777f106d30f8bc,0efd2abee5c74d95a0aba8abbacb17e9,attaching_to_ship,-4.163336342344337e-17,-1.457167719820518e-16,-6.245004513516506e-17,7.76836616025515e-12,0.013473779170529582,0.0,1.0712848862895331e-05,0.0,0.0,0.005525675255506587,1.1128794462922906e-07,0.0,1.5331504957961682e-12,0.0,0.0,0.0,0.0,6.322912417940655e-14,5.0195701358305e-06,0.0,76.2474761417959,0.0,3.6989857888236644e-11,0.4145257223883355,4.142147155924494e-13,0.0,0.0,0.0,0.0,0.0,0.0,0.0,0.0,0.0,0.0,0.0,6.19784368292981e-15,0.0,0.0,2.1059164459148856,0.0,0.0,0.0,9.78501031032629e-09,0.0,0.0,0.0,0.0,0.0,0.0,2.955052009150065e-13,0.0,0.0,0.0,0.0,0.0,0.0,0.0,0.0,0.0,0.0,0.0,0.0,0.0,0.0,0.0,0.0,4.582295008837212e-13,0.0,0.0,0.0,4.538631859202582e-07,0.0,3.734970263174268e-08,0.00017267518304229037,0.0,8.411764775203159e-14,0.7420445962098536,0.002280820030311526,0.0,0.0,2.879944763920959e-14,0.0,0.0,3.4578211177989754e-05,1.7040483245114806e-09,0.0,0.0,0.0,0.0,0.0,3.193158756287245e-08,0.0,9.577028255834433e-08,0.005424985328767453,0.0,0.0,0.0,0.0,0.08675980442720807,0.0,2.470794721408531e-12,0.015375097949841288,0.0,0.0,2.9624999403846573e-13,0.0,0.0,1.4108395463136423e-10,3.299767151719555e-06,1.262874715795784e-14,0.0,0.0,0.0,20.359492718174117,1.171508543694361e-06,0.0,0.0,0.0,0.0,0.0014760143825466871,
2018-04-03 21:00:17.595401,5ac0a85058777f106d30f8bc,0efd2abee5c74d95a0aba8abbacb17e9,attaching_to_ship,-3.469446951953614e-17,-1.214306433183765e-16,-5.204170427930421e-17,1.8805780313603938e-05,6.748515291995613e-15,0.0,0.0,5.767859469008855,0.0,0.0,0.0,13.345705771677839,2.5587656530872013e-05,0.0,0.0,0.0,0.0,0.0,1.2210987094629553e-11,1.3875283009550239e-14,1.0624919859426654e-07,0.5604253394044704,0.0,0.0,0.0,1.1315696404632333e-06,0.001015897079368109,0.0,0.016273338448092846,0.0,20.777407219232213,1.0853249281500726e-09,0.0,6.725464042377392e-10,0.0,0.0,0.0,0.0,1.0172929135235644e-06,0.0,0.0,0.0,0.0,0.3285503542690929,0.0,1.4599150678819274e-14,2.1197777655401933e-06,0.0,0.0,0.0,0.0,0.0,0.0,0.0,0.7304598117667559,2.8713118328646273e-05,0.0,0.0,0.0,0.0,0.0,0.0,0.0,54.70869607346561,3.7563335339256487,0.0,7.134554324194064e-14,0.0,0.0,0.0,0.0,0.0,0.0,0.0,4.127944094608292e-11,0.0,0.0,4.4986017038732487e-13,0.0,0.0,0.0,0.0,0.0,0.0,0.0,0.0,0.0,0.0,0.001415631972498198,1.4855301539071493e-09,0.0,0.0,3.678720284451113e-15,0.0,0.0,0.0,0.0,9.992511308356232e-14,0.0,0.0,0.0,0.0,0.0,0.0,4.339052332134254e-15,0.0,0.005780075007310355,0.0,0.0,0.0,0.0,0.0,0.0,0.0,0.0,0.0,0.0,0.0,0.0,0.0,0.0,docking started
2018-04-03 21:00:20.595401,5ac0a85058777f106d30f8bc,0efd2abee5c74d95a0aba8abbacb17e9,attaching_to_ship,-2.7755575615628914e-17,-9.71445146547012e-17,-4.163336342344337e-17,0.0,0.0,0.0,0.6780922094950194,0.0,0.0,0.0,0.0,7.8668846389959395,0.0,0.0,0.0,0.0,5.9267541756503875e-05,0.0,7.369288118816995,0.0,0.0,0.0,0.0,0.0,0.0,0.0055733861323468414,0.0,0.0,0.0,0.0,0.0053453790535424,0.0,0.0,0.0,0.0,0.0,0.0,0.0,6.512183542852306e-07,0.0,0.0,0.0,0.0,0.0,3.729063625893057e-13,2.384950931703339e-10,0.0,0.0,7.980905125159522e-09,0.0,0.0,0.0,0.0,0.0,0.0025934959576061744,0.0,0.0,0.0,0.0,9.401929469178905e-12,0.0,0.0,0.0,34.11619100686765,0.0,0.0,0.0,0.02020588329945299,3.525288273496387e-10,0.0,9.788258494935014e-12,2.3745017067789375e-11,0.0,0.0,0.0,0.0,5.291719675448184e-11,49.935756421722424,0.0,0.0,4.239604104055351e-12,0.0,0.0,0.0,0.0,0.0,0.0,7.2938974579329815e-06,0.0,0.0,0.0,0.0,0.0,0.0,0.0,0.0,0.0,0.0,2.2383179261719518e-06,0.0,0.0,0.0,0.0,0.0,0.0,0.0,0.0,0.0,0.0,0.0,2.968809520214217e-12,0.0,0.0,0.0,8.16003929312217e-12,0.0,0.0,0.0,0.0,0.0,0.0,
2018-04-03 21:00:23.595401,5ac0a85058777f106d30f8bc,0efd2abee5c74d95a0aba8abbacb17e9,attaching_to_ship,-2.0816681711721685e-17,-7.28583859910259e-17,-3.122502256758253e-17,7.637017761647078e-15,0.0,0.0,0.0,2.8759339238108063e-09,8.780144441680541e-05,1.0036823719983537e-11,0.0,1.373149150133179e-11,0.0,1.3385760384334125e-06,2.237575218843066e-07,0.0,0.0,3.0628568422743946e-09,0.0,5.569370195549726e-15,0.0,8.464169381066384e-12,0.0003859992477896706,3.3928945750217277e-13,0.0,0.0,0.0,0.0001493317925662664,0.0,0.0,0.0,0.005055932403383651,0.0,0.08493561232239391,0.0,2.6444446133400615e-12,0.0,0.0,0.0,0.0,5.936071304395592e-06,0.0,0.0,7.000812089431995e-07,5.852827334890531,0.0,0.0,0.0,4.082431878651524e-09,0.009558006425664829,0.0,0.005560214173054313,0.012725887127968844,0.0,0.0,0.0,0.0,0.0,0.0,8.232115836029017e-14,0.0,0.0,0.0,8.10160650136816e-11,0.0,4.102114872640694e-08,1.6925950360338933e-14,0.0,0.0,0.0,0.0008170256726508344,0.0,0.0,0.0,0.0,0.0,0.0,0.0,0.010776476742608378,0.0,0.0,4.552127474519268e-08,0.0,0.0,0.0,0.0,0.0,0.0,0.0,0.0,0.007825534040502177,0.0,22.732539415203924,0.0,2.0837730848638136e-05,0.00048073851220293954,0.0,0.0,0.0,0.5187133045154326,0.0,9.338083147515744e-06,2.1083218619659925,2.287007966498295e-15,0.0,1.3009482682513149e-05,0.0,0.0,0.0,0.0,0.0,68.64861935598174,0.0,0.0,8.385608466225076e-11,0.0,2.551705226141736e-14,0.0,0.0,0.0005684564058673112,2.3058467537409886e-07,
2018-04-03 21:00:26.595401,5ac0a85058777f106d30f8bc,0efd2abee5c74d95a0aba8abbacb17e9,attaching_to_ship,-1.3877787807814457e-17,-4.85722573273506e-17,-2.0816681711721685e-17,0.0,0.0,0.0,7.560189200555898e-06,0.0,0.0,0.0,0.0,1.3353844644067878e-14,0.0,0.0,0.0,0.0,1.663620623634558,0.013436547350495,6.578188230926103e-09,0.0,1.6508441332065962e-12,4.0783383539588456e-11,0.0,0.0,0.0,0.0,1.965545111866505e-07,3.637240106455592e-13,0.23003543112345867,0.011125243975776133,0.0,0.0,0.0,0.0,0.0,0.0,0.0,0.0,4.594287306157644e-08,7.630896918714274e-12,0.0,0.0,0.0,0.0,0.0,0.0,18.052049983487695,0.004150001938441781,0.0,0.0,0.0,0.0,0.0,5.502347413112309e-12,0.0,0.0,0.0,0.0,0.0,0.0,0.0,0.0,0.0,0.0,0.0,0.0,5.043440196915479,0.1472633674018521,0.0,0.0,0.0,0.0,0.0,0.0,1.9713569137230283e-05,0.0,0.0,0.0,0.0,0.0,0.00017860057288554136,0.0,0.0,0.0,0.0,0.0,0.0,1.4230028916859188e-08,0.0,1.1985079507220358e-07,0.0,0.0,3.245026225492274e-14,2.8774094656747173e-07,0.0,0.0,0.0,0.0,0.0,1.0634418775464125e-08,56.605164688213655,0.0,18.157309550656752,0.0,6.744141364359016e-08,0.0,0.0,0.0,1.305426821462137e-11,0.026954031972552216,0.0,1.330981115084004e-09,0.0,0.0,0.0,7.550457570456295e-05,1.0571874323153632e-10,0.0,0.0,0.0,0.045168203943479646,
2018-04-03 21:00:29.595401,5ac0a85058777f106d30f8bc,0efd2abee5c74d95a0aba8abbacb17e9,attaching_to_ship,-6.938893903907228e-18,-2.42861286636753e-17,-1.0408340855860843e-17,0.06130977173980696,8.068129171082477e-06,3.8376544940631954,7.223682590609833e-13,86.23632251104864,0.0,0.0,0.0,0.0,0.0,1.6687024811317226e-12,0.0,0.0,0.0,0.0,0.0,0.0,3.421624407092665,3.4953789577479175e-09,0.0,0.0,0.0,0.0,1.705491002827429e-07,5.530073160027914e-12,7.60394022147186e-12,1.6033756625590245,0.0,0.0,1.1204473540605511e-07,6.857593165395177e-07,0.0,0.05785551619110124,0.0,0.0,0.0,2.792279748292112e-07,0.0,7.73825387054639e-06,0.0,1.5004607843122246,0.0,0.0,0.0,1.0625336436540962e-07,0.0,0.0,2.871423747035095e-09,0.023472027806244054,0.0,0.0,2.627757322807276e-05,0.0,0.0,0.0,0.0,1.1306519913545455e-14,0.0,0.0,0.0,0.0,0.0,1.6256421988320942,0.2897559713851048,3.472466046397161e-05,0.0,0.0,0.0,3.6656479037348315e-09,0.0,3.2429638895733574e-14,0.0,0.0,0.0,0.0693614322250622,0.12483521880645271,9.298672136979268e-05,0.0,0.0,9.723697356049963e-13,0.0,0.0,7.015834009175097e-10,0.0,0.0,0.0,0.1715301810567523,0.0,0.0,0.0,2.8639843802568984e-07,0.0,0.0,2.2970618434725154e-13,0.0,0.0,6.98048955511865e-10,0.0,9.177259730561178e-11,0.0,0.0,0.0,0.0006611391520582384,0.0,0.0,0.0,0.0,1.08801129360509e-07,0.9759134358052854,0.0,0.0,0.0,0.0,2.6344869931622376e-09,5.363573151296231e-05,1.155715240565123e-12,5.364434392333067e-08,0.0,
2018-04-03 21:00:32.595401,5ac0a85058777f106d30f8bc,0efd2abee5c74d95a0aba8abbacb17e9,finishing,0,0,0,0.0,0.0,0.0,8.31378403137167e-10,0.0,0.0,0.0,4.041759931518704e-14,0.0,0.0,4.178602041607269e-10,4.5487803880457874e-07,1.269879971506504e-07,0.0,0.0,0.0,12.448342888416805,2.7291696136784606e-11,0.0,0.0,0.0,0.0,0.0,0.0,0.0,0.0,0.0,0.0,3.453567123477675e-11,4.431635273464277e-14,0.0,0.0,11.328581408464997,0.0,5.754383169367127,0.0,0.0,0.0,0.0,1.345873599842118e-05,0.0,3.3341898005728196e-12,0.0,0.0,0.0,16.784342343056775,0.0,0.0015604952760655288,0.0,0.0,0.0,0.0,2.4705177025614648e-14,0.0,0.0,0.0,0.08055437354510415,4.355043619152513,0.024240067923538902,0.02410249696001157,0.0,0.0,0.0,0.0,0.0,0.0,0.0,0.0,0.0,0.0,0.0,2.4616504379170125e-13,0.0008997526844741233,0.0,3.680498776221857e-12,0.0,0.0,0.0,0.0,0.0,0.0,0.0,1.7437865652020227e-13,0.0,0.0,49.176852792133836,7.739067496891255e-07,0.0,0.0,8.75082496077559e-06,0.0,0.0,0.0,1.60426471566612e-12,0.0,0.0,0.0,0.0,0.0,0.0,0.0,0.0,0.0,0.0,0.0,0.0,0.0,0.0,0.02107302631339927,0.0,0.0,0.0,0.0,0.0,0.0,5.141575226542649e-11,0.0,0.0,started
2018-04-03 21:00:35.595401,5ac0a85058777f106d30f8bc,0efd2abee5c74d95a0aba8abbacb17e9,finishing,0.0,0.0,0.0,1.9371378132281348e-13,0.0,0.0,6.179822566417118e-08,0.0,0.0,3.7246693441834937,8.031730900566482e-06,0.0,8.252368911174013e-15,0.0,0.0,0.0,0.0,0.0,1.8205313505160054e-07,0.0,0.0,0.0,0.0,0.0,0.0,0.0,0.0,3.765051608606645e-08,0.0,0.0,0.0,1.6884591508539152e-07,0.0,0.0005053466183793678,13.25487568109085,0.01252927047633172,0.0,0.0007960804357586134,0.0,4.567218861628536e-14,0.0,0.0,0.0,0.0,0.0,0.0,2.6253243513482523e-12,0.0,5.011433854204084e-10,0.32315662612603674,0.0,1.9646729449838123e-09,1.6429869959566387e-12,0.0,0.0,0.0,0.0,0.0,0.0,0.0,0.05640965693447984,0.0,9.644984059870348e-09,3.3665223063829896e-14,0.0,5.6529363591660015e-05,0.0,0.0,8.757385682109076e-06,0.0,0.0,0.0,0.0,0.0,0.0,0.0,5.228502175959549e-06,0.0,0.0,0.0,0.0,0.001098148156514606,57.70753798485186,3.6917026257372565e-11,1.0932998586252889e-10,0.0,0.003460351453697475,0.0,0.0,0.0,0.0,1.3309010760949714e-11,0.0,0.0,0.0,0.005350088071634677,2.1348391530395626e-09,0.0,0.0,0.0,1.1257304446473342e-12,2.3396988253618093e-07,0.0,0.18788491327502121,0.03630941679291645,2.7540464788186717e-11,2.0205378070118816e-15,0.0,0.0,0.0,0.0,0.0,0.0,0.0,24.68533619944848,0.0,0.0,0.0,0.0,0.0,1.6463460735615517e-06,
2018-04-03 21:00:38.595401,5ac0a85058777f106d30f8bc,0efd2abee5c74d95a0aba8abbacb17e9,finishing,0.0,0.0,0.0,1.2550124906780935e-05,1.0913115342002906e-10,0.0,1.2448191731569861e-12,0.0,0.0,0.0,0.0,0.0,0.0,0.0,1.6146627550026565e-09,0.0,0.0004420504299137049,0.0,0.0,0.0038311006735053557,0.0,6.561251991109188e-14,0.00011726151904482315,7.56445849295676e-09,0.0,2.158262192376376e-08,0.0,0.0,0.0,7.594016791410983e-10,0.0,0.0,13.960770741237958,0.0,0.0,0.0,0.0,0.0,0.0,0.0,0.0,0.23204495713132448,4.170564643510515e-15,0.0,0.03176625811213047,0.0,0.0,0.0,0.0,4.075636850853087,9.941509910941394e-09,0.0,0.0,2.095388118002294e-13,0.0,0.0,0.0,0.0,0.0,0.04861391632862877,0.0,0.0,0.0008356984645334578,0.025412970085795707,1.233217439121842e-12,1.0632831436844669e-07,0.0,0.0,3.9245236519238837e-10,0.0,0.0,0.0,0.0,0.0,0.0,3.540889868015952e-05,0.0,0.0,52.15110443030623,9.435740172371036e-15,0.0,0.0,4.3518534442645154e-05,0.0,27.831094604581665,0.0,0.0,0.0,0.0,0.0,0.0,0.0,0.0,1.174410183595724e-13,2.069409382957275e-12,0.0,0.0,5.7101866996945617e-11,0.0,0.0,4.2420602114747845e-09,0.0,0.0,0.0,0.0,0.0,0.0,1.079573726963184e-09,4.757940639694932e-06,0.0,0.0,0.6876289075919054,0.0,0.25353386628199875,0.0,8.255655753850653e-08,0.69001324719116,0.0,0.007056666088637854,0.0,1.391003018095776e-09,
2018-04-03 21:00:41.595401,5ac0a85058777f106d30f8bc,0efd2abee5c74d95a0aba8abbacb17e9,finishing,0.0,0.0,0.0,0.0,0.0,0.0,0.0,0.0,0.0,9.939948559217173e-05,2.481105003341261e-06,0.0,1.622975022804497e-07,0.0,0.00012702909639161885,2.4698264461547743,0.0,0.0,0.0,1.5259397390416515e-10,0.0,0.0005954596894884817,3.6881363459403656e-10,3.1885384278005874e-06,4.5195636865392255e-07,0.0,1.7863987060780495e-09,0.0,0.0,0.0,0.006418158402820454,0.0,0.0,0.0,0.0,0.0,0.0,0.0,0.0,0.0,0.0,0.0,1.9617340342362944e-08,0.0,0.0,0.0,0.0,0.0004044580835194255,0.0,0.0,0.0,0.0,0.0,2.4335877659675725e-09,0.0,4.32182393548531e-12,0.0,0.0,0.010101227188571447,1.7816248463944146e-11,0.002316723212774625,0.0,0.0,0.0,0.0,0.0,0.0,0.0,3.0725715692688897e-13,0.0,3.0480272865827254,7.22750911619726e-07,0.0,1.1391286918972254e-05,0.0,0.2749313943985805,1.3985832218400034e-12,0.0,0.0,13.346567118071777,0.0,1.9612533357501893e-11,5.364936056051124e-10,0.0,0.0,0.0,2.8836789230443004e-09,78.98060899121178,0.0,0.0,0.0,0.0,0.0,0.0,1.3922834904004258e-05,0.0,0.0,0.0,8.143996484752194e-10,1.578797691698996e-11,0.0,9.579446480193951e-08,1.1181953953238618e-06,0.0,0.172434946514195,3.7559826816236157e-07,0.0,0.0,1.6522480046087578e-07,0.28397043512899267,0.0,0.0,0.8538673041985698,0.0,4.988748016738334e-05,4.426546936727043e-07,0.0,0.549619178482319,9.72673857992691e-09,0.0,0.0,
2018-04-03 21:00:44.595401,5ac0a85058777f106d30f8bc,0efd2abee5c74d95a0aba8abbacb17e9,finishing,0.0,0.0,0.0,1.6231587194365435e-10,0.0,0.0,0.007993052584601533,5.054583600726967e-13,0.0,0.0,1.1500398131583636e-14,7.369307944025328e-12,9.460094019412318e-09,0.0,1.1709468160971505e-12,0.0,0.0,0.0,0.0,0.0,2.1887571200662537,2.375330648750082e-08,3.6549770588192918e-09,0.0,0.0,0.0,0.0,0.0,0.0,0.02877253635100586,4.5666918538639303e-11,0.0,0.0,0.0,0.0,0.0,1.9940501330369768e-09,0.0,0.0,0.0,0.0,0.0,0.0,0.0,0.0,0.0,3.4682194261930483,0.0,0.0,0.0,1.5264459080471408e-12,2.3217838067011483e-14,0.0,0.0894000881900957,0.0,0.0,1.8278999371488141e-06,1.1244033501063569e-10,0.0,0.0,2.9640451717355423e-12,0.0,4.58629018644533e-09,0.0,0.0,0.0003186115175663915,0.5188361174867374,0.0,0.0001357084517240044,1.3830714357420244e-12,0.0,17.070977388321634,0.0,0.0,0.0,0.0,8.081207700034175e-12,0.0,0.0,0.7661072223406739,0.0,0.0,0.0,0.0,0.0,0.0,0.0006994511151654499,0.0,13.670710575934669,0.0,0.0,7.40667977731094,5.474236878603792e-05,0.0,0.0,0.0,0.0,3.3277196069269015e-06,5.423523809846124e-12,0.0,2.6474234813187205e-06,0.0,0.0,0.0,0.0,8.304114872252046e-09,0.0,41.91814668453093,0.0,3.801772180228111e-13,12.863655390882265,0.0,2.228263777973996e-15,0.0005248410890443144,0.0,3.38360961933866e-06,2.6510094353303898e-08,0.0,0.0,0.0,0.0,
2018-04-03 21:00:47.595401,5ac0a85058777f106d30f8bc,0efd2abee5c74d95a0aba8abbacb17e9,finishing,0.0,0.0,0.0,0.0,0.0,0.0,0.0,4.575517625494743e-08,0.0,0.6285065957158283,5.098836788866686e-10,0.0,0.0,0.0,0.0,0.0,0.0884848135357703,0.0,0.0,0.0,6.712723478766844e-07,0.0,1.3014651436738832e-10,0.0,0.0,1.0735396036856195e-10,0.0,0.0,0.0,0.0,0.0,8.948249780208151e-10,0.0,0.37524500444205067,1.3351309987965379e-09,0.0,0.001292453994128748,0.0,0.0,0.0,2.5805497971045785e-05,0.0,0.0,0.0,0.0,0.020399526789786952,0.0,0.0,0.0,0.0,0.0,3.4982341496555072e-12,0.0,0.0,0.0,0.0,0.0,0.0,0.009023491785799843,92.62709080003285,0.0,0.0,0.0,0.0,0.0,0.0,0.0,0.0,0.0,1.5960247195274257e-07,0.0,0.0,2.3364032551337304e-13,0.0,0.0,0.15960739316129102,0.5722871328369603,4.5685638456022324e-07,0.0,0.0,0.0,0.0,0.0,0.0,0.0,0.0,0.0,0.0,0.0,0.0,0.0,0.0,0.0,0.0,0.0,0.0,2.128978416944194e-07,5.5069772652855455,0.0,6.790578614336799e-09,0.0,0.0,0.0,0.0,0.0,2.3656083868874507e-14,0.0,0.01105740089802214,0.0,0.0,7.0815655513839e-09,0.0,0.0,5.594699093113008e-11,0.0,2.4077083277838914e-08,0.0,0.0,0.0,0.0,7.286535142537294e-07,systems stopped
2018-04-03 21:00:50.595401,5ac0a85058777f106d30f8bc,0efd2abee5c74d95a0aba8abbacb17e9,finishing,0.0,0.0,0.0,0.0,0.0,0.0,1.048595137920819e-14,0.0,0.0,2.1427454376422415e-10,8.222606705685214e-11,13.767854294319287,0.0,0.0,0.0838611482616325,0.0,58.89371783597702,3.4649011581063e-14,0.0,0.0,3.572518694760143e-10,4.878442536276397e-12,0.0,0.0,3.8248285795298296e-07,0.004701084646480257,3.655713531912101e-13,1.9885150988037593e-07,26.92718750094865,5.170875277652523e-14,0.016838577800649877,0.0,2.7124694059933094e-12,6.420360368817794e-10,0.0,0.0,0.0,0.0,0.0017109978143237095,7.458219340082937e-10,0.0,0.0,1.9061151701755125e-07,3.3470396124407553e-07,5.097356969927088e-07,0.0,7.873404113260539e-05,0.0,1.01180894133698e-11,0.0,0.0,0.0,0.0,4.265331705487761e-14,0.0,2.530083313613077e-08,0.11155723588527222,1.2367237509094055e-12,0.0,0.0,0.0,0.0,1.0011472195616472e-09,0.0,5.840226331009371e-06,0.0,0.0,0.0,0.0,0.0,0.0,0.0,0.0,0.0,0.0,4.385725327843328e-14,0.0,0.0,0.0,0.0,1.7168343583256942e-12,0.0,4.213559991249395e-05,0.0,2.9672083061946244e-05,6.27044569416196e-11,0.0,0.0,0.0,1.5690534099133315e-05,0.0,0.0,0.0,1.6512724873956764e-13,0.0,0.02168027371083727,8.430001673651315e-08,0.0,0.0,0.0,0.0,0.0,3.3938069930282473e-09,0.17071724018113188,1.967504999566172e-12,4.816836965843454e-09,0.0,0.0,0.0,0.0,0.0,0.0,0.0,6.443182161276189e-10,0.0,0.0,1.1329978219587994e-14,0.0,0.0,0.0,0.0,data loaded
2018-04-03 21:00:53.595401,5ac0a85058777f106d30f8bc,0efd2abee5c74d95a0aba8abbacb17e9,finishing,0.0,0.0,0.0,0.0,0.0,7.238854488801725e-12,3.570985000361789e-11,0.0,0.0,0.0,0.0,0.0,0.0,0.0,0.0,0.0,0.0,0.0,0.0,0.0,0.2526188366840273,0.0,0.0,0.0,0.0,5.4077212437797777e-08,0.0,4.610932581739547e-13,0.0,0.0,1.2082640624636238e-11,0.0,0.0,0.0,0.0,0.0,0.0,0.0,0.42029066943304677,0.5519787012160917,0.0,2.10824843637587e-13,0.0,8.365276796868212e-14,0.0,88.02368118518072,0.0,0.0,0.0,0.0,0.0,6.502631946365258e-06,0.0,3.8643543605146815e-10,0.0,0.0,0.0,1.804451197984115,0.020776397953646195,0.0,0.0,0.0,3.6167023266098885e-06,0.0,0.0,0.0,4.4284993964332235,0.0,0.0,0.0,0.0,0.0,0.0,0.0,0.0008292508526488284,0.0,0.0,0.0,5.019561389951781e-12,0.0,0.0,0.0,0.0,0.00028106794502912014,0.0,4.302865928626181,0.030410206062849957,0.005492765116796056,0.0,0.0,0.0,0.0,0.0,5.27064943093238e-05,1.917514809173309e-10,0.0,4.3458950235180004e-11,0.0,0.0,5.407002083040365e-13,0.0,3.8979287112074727e-11,4.405001467067452e-10,0.15743507746369975,0.0,0.0,0.0,6.70447407371595e-05,0.0,1.9140456227142146e-12,0.0,0.0,0.0,0.00025936460059006097,8.587493480646602e-12,0.0,0.0,0.0,0.0,0.0,2.8627857344515157e-08,
2018-04-03 21:00:56.595401,5ac0a85058777f106d30f8bc,0efd2abee5c74d95a0aba8abbacb17e9,finishing,0.0,0.0,0.0,0.0,9.777199213626923e-05,0.0,0.0,0.0,8.077769884111641e-10,0.0,0.0,1.2396373822225953e-11,2.7116986087004438e-11,0.0,0.0,0.0,9.003847665708916e-05,0.0,2.1502971610938857e-06,0.0,1.968703196391166e-09,6.24838463133543e-15,0.0,0.0,3.4878118649472806e-07,3.3132900343028842e-15,1.8243313184180277e-08,0.0,0.0,0.0,0.0,0.0,0.0,0.0,1.3527175927150739,0.0,0.0,9.282788206854917,0.0,0.0,0.1627536217259105,0.0,0.003132070615174274,0.0,8.203030708808427e-15,0.0,2.913261266195128e-09,0.0,6.702778251441138e-14,0.0,4.184586133196365e-13,0.0,35.92874799002853,0.0,0.0,4.081175614424931e-13,0.0,0.0,0.0,0.0,0.0,0.0,6.70387875528794,0.00013918751614011053,2.136614062596449e-09,0.0,0.0033193087742274417,1.816730356656168e-11,0.0,0.0,0.0,0.0,0.0,0.0,0.0,4.629282878258391e-09,0.0,6.6723488112528e-05,1.739427170956869e-12,0.0,2.1508397821533445e-05,0.0,0.0,0.017063132339854303,0.09300167806202518,0.0,0.0,0.0,0.0,0.0,7.744464138565849e-06,5.94819864207593e-14,2.4704686356333758e-12,0.0,0.0,0.12744776722738116,0.0,2.1009685654929445e-06,0.0011571738829742977,0.0,2.7758632800037543e-05,1.2859665706203478e-14,0.0,0.0,0.0,0.0,0.0,0.0,0.7782083126138833,0.0,0.0,2.7879020144063227e-10,5.877276315181725e-13,45.320468256395756,0.2248607693910444,0.0,0.0,0.0,0.0,0.0,2.938899930488637e-11,
2018-04-03 21:00:59.595401,5ac0a85058777f106d30f8bc,0efd2abee5c74d95a0aba8abbacb17e9,finishing,0.0,0.0,0.0,0.0,1.3684877147847543e-12,0.0,0.0,0.0,0.0,0.0,0.0,1.8873751970250036e-07,0.0,1.0691123458908967e-05,0.0,0.0,0.002485669047984558,0.0,0.0,0.0,0.0,0.0,0.0,0.0,48.287184784825136,30.93357612102039,1.0371913004236869e-13,10.30989318361589,2.227695730662942e-12,0.0,1.2496476337683757e-12,0.0,0.0,0.0,0.0,0.0,0.0,0.0,4.332506168731024e-05,0.0,0.12438372892379014,2.297131515895097,0.0,9.02407951834429e-08,0.0,1.8800880659862418,0.0,0.0,0.0,1.4365124909357652e-07,2.071816319321475e-07,0.0,0.0,0.0,0.0,0.0,0.0,0.0,0.01173386976096388,0.0,0.0,0.0,0.0,0.0,0.006169203761268142,3.631665238986132e-06,0.0,0.0,0.0,0.0,0.0,0.3384179877914291,1.0920207768520889e-05,0.0,1.4991803155118009,0.03339304816170884,2.038652818890607e-08,0.0,3.729828208361024e-13,0.0,0.0010964696431026819,0.0,0.0,0.0,0.0,0.0,0.24904325167671698,9.7151547492164e-05,0.0,0.0,1.3134103173716582e-13,0.0002342590184384119,0.0,0.0,0.0,0.0,0.0,0.14778174360911034,0.0,0.0,0.0,0.0,0.0,1.192036549260938e-11,0.0,0.0,0.0,0.0,0.0,4.3713921303544316e-14,8.327829979375678e-12,0.0,0.0,1.546320252632973e-13,0.0,3.8135112309595893,9.244848872569726e-11,0.06452918086964719,0.0,0.0,0.0,
